family,source,target,k,n_concepts,acc_mean,acc_clean_mean,boot_ci95,nb_se,null_mean,null_p95,p_perm,q_fdr,mean_rank,n_collision_total
exploratory,English,Hungarian,100,1691,0.21805770051179002,0.18005069418360004,"[0.1985085350498028, 0.23980554366267612]",0.016216228539525413,0.05788552071495319,0.06909446136034657,0.004975124378109453,0.004975124378109453,598.0332101150145,190
exploratory,English,Finnish,100,1799,0.17770018660811812,0.16292753340347646,"[0.16433191936239386, 0.19207743745846123]",0.010919425551882899,0.053120699470488635,0.062229380232038695,0.004975124378109453,0.004975124378109453,662.1691608154355,185
exploratory,English,Greek,100,1842,0.16340775558166862,0.15021564992446174,"[0.14764975029377203, 0.18244021739130437]",0.01353737501143255,0.05317477967097533,0.06403965922444184,0.004975124378109453,0.004975124378109453,675.4704347826088,143
exploratory,English,Russian,100,1840,0.22826086956521738,0.21986249583465925,"[0.2125, 0.24347826086956523]",0.012402035074537493,0.05353804347826086,0.06413043478260869,0.004975124378109453,0.004975124378109453,613.6940217391304,158
exploratory,English,German,100,1840,0.46082753815825805,0.4582244209666243,"[0.44026060348481055, 0.47826039399163955]",0.015020665403630408,0.05295182957369343,0.06308782419268877,0.004975124378109453,0.004975124378109453,431.13379060635833,168
exploratory,English,Spanish,100,1841,0.38399767550872327,0.3797631757873422,"[0.3619510135135135, 0.40769537004038964]",0.01733313313049437,0.052975895603372444,0.062499706227967085,0.004975124378109453,0.004975124378109453,465.8558085312683,182
exploratory,English,Italian,100,1840,0.38205786506392353,0.37393574201582935,"[0.36533821027014185, 0.4024338306588841]",0.013971901055766818,0.05249543746347916,0.06304139697430859,0.004975124378109453,0.004975124378109453,474.1311731617576,182
confirmatory,English,French,100,1842,0.42289952996474733,0.4153627613809256,"[0.4056268360752056, 0.4424177438307873]",0.015571426426962796,0.051790584606345474,0.061916128084606344,0.004975124378109453,0.004975124378109453,452.8851850763807,176
confirmatory,English,Irish,100,1842,0.26165687426556994,0.2646154489000385,"[0.24768213866039956, 0.27344594594594596]",0.009934792097886428,0.05250251175088132,0.06350587544065806,0.004975124378109453,0.004975124378109453,606.9753613396005,160
exploratory,English,Welsh,100,1751,0.2987476173562667,0.2713320330388424,"[0.27649140350108936, 0.31990483260404406]",0.016655721178245694,0.05687901335241776,0.06905160396020935,0.004975124378109453,0.004975124378109453,523.0781226932398,139
confirmatory,English,Chinese,100,1842,0.07981198589894242,0.07927023065874376,"[0.07326380728554642, 0.08636897767332549]",0.0050210035738733885,0.05268231492361927,0.06247928907168037,0.004975124378109453,0.004975124378109453,822.3509488836664,26
exploratory,English,Vietnamese,100,1786,0.11641060150664813,0.09204436349639802,"[0.10447820004643542, 0.12759922383601063]",0.009386677078386474,0.05519173912821893,0.06663919388170594,0.004975124378109453,0.004975124378109453,741.3195253952231,157
exploratory,English,Japanese,100,1841,0.26941245593419505,0.26349246077264643,"[0.2574559341950647, 0.2805276145710928]",0.009602233558521654,0.15852549941245594,0.1727855464159812,0.004975124378109453,0.004975124378109453,621.7326586368978,99
exploratory,English,Korean,100,1842,0.17695652173913043,0.16546907229757837,"[0.1595570652173913, 0.1936863249118684]",0.013224959958161548,0.051875660987074024,0.061398501762632195,0.004975124378109453,0.004975124378109453,677.1106257344302,102
exploratory,English,Thai,100,1842,0.14932432432432433,0.1306472332891997,"[0.12916142773207986, 0.17283570799059927]",0.0160602771390477,0.05264588719153936,0.060852967097532296,0.004975124378109453,0.004975124378109453,734.024277320799,175
exploratory,English,Indonesian,100,1738,0.18011628013895448,0.1644568071893491,"[0.16118178661850138, 0.20053870734087728]",0.014883877696971297,0.05586967842418598,0.06681927140524344,0.004975124378109453,0.004975124378109453,672.4829765824386,209
exploratory,English,Turkish,100,1804,0.18181203987977818,0.17123446731172565,"[0.16469980897775868, 0.20175260078619237]",0.01465168150199828,0.05329063577884687,0.0649623751054361,0.004975124378109453,0.004975124378109453,669.83792258721,205
exploratory,English,Arabic,100,1835,0.1530954404350698,0.14050655913708462,"[0.13551257248334939, 0.16965267878355905]",0.013329663831205756,0.052447529202206675,0.06271134558598919,0.004975124378109453,0.004975124378109453,714.6838299797138,134
exploratory,English,Hebrew,100,1838,0.14202163141578678,0.12661853127321948,"[0.12876744893503625, 0.15420295321511468]",0.009865958255447404,0.052559528798338494,0.06256345924868734,0.004975124378109453,0.004975124378109453,727.0996670867644,139
exploratory,English,Swahili,100,1574,0.17368126567436687,0.15334753307766266,"[0.15303331504950082, 0.19546332184202292]",0.016685462774961104,0.061917163477289795,0.07411805372592994,0.004975124378109453,0.004975124378109453,614.9895993389231,363
exploratory,English,Hindi,100,1804,0.3177094364553193,0.29276212928169815,"[0.29822129291029476, 0.3411864406779661]",0.015753172325040164,0.054577524939939635,0.06597691210780961,0.004975124378109453,0.004975124378109453,537.7615196351995,199
exploratory,English,Semantics,100,1836,0.2118817032787097,0.17692907928168058,"[0.18792989821865447, 0.22994917716487567]",0.016603151544468016,0.053862341808002895,0.06376172775424378,0.004975124378109453,0.004975124378109453,603.6139791650305,81
exploratory,Hungarian,English,100,1691,0.21687861252286272,0.1805162850815219,"[0.2022869831592018, 0.23377106887945284]",0.012399988894260729,0.05587506525518128,0.0660780622262415,0.004975124378109453,0.004975124378109453,600.5259700448809,75
exploratory,Finnish,English,100,1799,0.1787900706294481,0.15755443362873717,"[0.16140794299626687, 0.19842114769563324]",0.014360945981114478,0.05290764485590299,0.06271764923414672,0.004975124378109453,0.004975124378109453,663.3445291623966,81
exploratory,Greek,English,100,1842,0.15962397179788484,0.13984818837010377,"[0.14333108108108109, 0.17810436251468859]",0.013564828476894197,0.05035574324324324,0.059186398354876615,0.004975124378109453,0.004975124378109453,693.0316157461809,81
exploratory,Russian,English,100,1840,0.23260869565217387,0.21324649546040858,"[0.21900815217391303, 0.24619565217391304]",0.0108400027402497,0.05105978260869565,0.06089673913043477,0.004975124378109453,0.004975124378109453,621.0923913043478,81
exploratory,German,English,100,1840,0.4559510508370095,0.4415022244479653,"[0.4374341822221366, 0.471287148918341]",0.013650816367977351,0.05144693818908003,0.06193804781260234,0.004975124378109453,0.004975124378109453,429.89634362980235,81
exploratory,Spanish,English,100,1841,0.38727039227395604,0.37476146563896245,"[0.3677149676850764, 0.40908241509506665]",0.01586876906905146,0.05160026375270495,0.06246507162900605,0.004975124378109453,0.004975124378109453,476.39261909807163,81
exploratory,Italian,English,100,1840,0.37659925963026464,0.36096325169493276,"[0.3564306525431347, 0.39620257146847493]",0.014942753597281288,0.05179323353110773,0.0625066508061875,0.004975124378109453,0.004975124378109453,472.34705078563945,81
confirmatory,French,English,100,1842,0.4191010575793185,0.40801057170100136,"[0.40065804935370164, 0.4386673766157463]",0.015344195967993093,0.051539189189189184,0.06080243830787309,0.004975124378109453,0.004975124378109453,446.54891891891896,81
confirmatory,Irish,English,100,1842,0.26382491186839013,0.2573014993126941,"[0.24695967978848415, 0.27983166862514686]",0.012799763675129255,0.05084549059929494,0.061374999999999985,0.004975124378109453,0.004975124378109453,605.547999412456,81
exploratory,Welsh,English,100,1751,0.291304911946182,0.25860121769778777,"[0.26451326325260954, 0.3187407915751865]",0.021161746559654106,0.053227009168849246,0.06334550248113002,0.004975124378109453,0.004975124378109453,528.6520872339528,79
confirmatory,Chinese,English,100,1842,0.08307873090481785,0.08242710246250894,"[0.0742350910693302, 0.08962984723854286]",0.00568817775657651,0.052263748531139846,0.06193052291421856,0.004975124378109453,0.004975124378109453,822.660490599295,81
exploratory,Vietnamese,English,100,1786,0.11645579821629451,0.09850169562008203,"[0.10360538505773433, 0.1282207375698222]",0.009614305914463467,0.05418486639560662,0.06438723573330939,0.004975124378109453,0.004975124378109453,747.6670650593776,79
exploratory,Japanese,English,100,1841,0.23735898942420683,0.23803964052091345,"[0.2260869565217391, 0.24863102232667447]",0.008725776581401943,0.04617671856639248,0.05703598707403055,0.004975124378109453,0.004975124378109453,640.5500146886017,81
exploratory,Korean,English,100,1842,0.1829259694477086,0.16850669035330354,"[0.16565981198589894, 0.20069131903642773]",0.01370482521338905,0.051581918331374856,0.06079612220916569,0.004975124378109453,0.004975124378109453,677.0948619271446,81
exploratory,Thai,English,100,1842,0.14770857814336075,0.12562602047514443,"[0.12752820211515864, 0.16849067273795534]",0.0155313661535151,0.051406301410105756,0.06081698002350177,0.004975124378109453,0.004975124378109453,748.397062279671,81
exploratory,Indonesian,English,100,1738,0.1825383106040715,0.1641106210768664,"[0.1665707846658175, 0.20099143012928877]",0.014028017512325297,0.05497005158026525,0.06444402379048977,0.004975124378109453,0.004975124378109453,643.7441261729025,79
exploratory,Turkish,English,100,1804,0.17733983166090664,0.15832304136909492,"[0.15955088640451637, 0.19685043972012103]",0.014740139673175608,0.052247841162306324,0.0627941956451096,0.004975124378109453,0.004975124378109453,680.6901741531726,79
exploratory,Arabic,English,100,1835,0.15310134745273732,0.13570316998947723,"[0.14088712962020158, 0.1650771624579982]",0.009718359702868183,0.053007855354434114,0.06320771130152812,0.004975124378109453,0.004975124378109453,715.8475110568927,81
exploratory,Hebrew,English,100,1838,0.14036446660644805,0.12297808703097295,"[0.13282998121767722, 0.14757217349336915]",0.005946011652259554,0.0517586947692525,0.060915453580278965,0.004975124378109453,0.004975124378109453,739.8754258755987,81
exploratory,Swahili,English,100,1574,0.1889457522972508,0.16678020393707071,"[0.1687392866754816, 0.2090594295060673]",0.01542623861017564,0.06013647594615893,0.07157365398628157,0.004975124378109453,0.004975124378109453,595.6720110311318,77
exploratory,Hindi,English,100,1804,0.31664100359756087,0.2845039516313185,"[0.3007676260519949, 0.33706095816295745]",0.013992965470078597,0.05196630001293245,0.06205144347676177,0.004975124378109453,0.004975124378109453,538.4049895456842,81
exploratory,Hungarian,Semantics,100,1686,0.2527806876799187,0.2193423803034868,"[0.23340552349309537, 0.2724820933080187]",0.015905301795644693,0.05757225754913573,0.06700002140250792,0.004975124378109453,0.004975124378109453,536.0594944764185,75
exploratory,Finnish,Semantics,100,1794,0.23486180212845942,0.2172754374753399,"[0.2106619216249001, 0.2600070969483659]",0.019180686537146725,0.05429541488437098,0.06483179539402309,0.004975124378109453,0.004975124378109453,540.1785351151703,81
exploratory,Greek,Semantics,100,1836,0.22218121968121968,0.2039148943501833,"[0.209648606694446, 0.23585411937171555]",0.009846354859488492,0.053456613764062084,0.06425045405622741,0.004975124378109453,0.004975124378109453,548.6427470632852,81
exploratory,Russian,Semantics,100,1834,0.25461967944148983,0.23728413402495244,"[0.23644671674251144, 0.27110637461849146]",0.014101658783333266,0.053380119197742146,0.06324837997592808,0.004975124378109453,0.004975124378109453,522.3546436338668,81
exploratory,German,Semantics,100,1834,0.26390075155399456,0.24506562876391996,"[0.2465952025799228, 0.27923545263931937]",0.012677228224842772,0.054086780045065855,0.06330602192799269,0.004975124378109453,0.004975124378109453,503.7648123203682,81
exploratory,Spanish,Semantics,100,1835,0.25774426527990324,0.24047291481800065,"[0.24525718698028035, 0.2739211528953154]",0.011146109284001953,0.05334544330875406,0.06261197735021683,0.004975124378109453,0.004975124378109453,526.7140500951084,81
exploratory,Italian,Semantics,100,1834,0.23223877945367613,0.213759160088626,"[0.22067416450849273, 0.24381876505949918]",0.009273191791228555,0.05373812302057134,0.06328344358119838,0.004975124378109453,0.004975124378109453,544.5890791651857,81
exploratory,French,Semantics,100,1836,0.21352120913061756,0.19376674230084626,"[0.20215113904271065, 0.2248301704680447]",0.008969192768919257,0.05382794960492751,0.06266141133496798,0.004975124378109453,0.004975124378109453,583.9951415403286,81
exploratory,Irish,Semantics,100,1836,0.20800914417272223,0.19600375704373585,"[0.1940803184742511, 0.2250815438121657]",0.012093858304661536,0.05234940636280622,0.06269004234177078,0.004975124378109453,0.004975124378109453,610.6214072920524,81
exploratory,Welsh,Semantics,100,1748,0.19849105698203265,0.16353095023080394,"[0.1779736708542516, 0.22149671386538444]",0.016407752609559303,0.05675253761841881,0.06586397129963227,0.004975124378109453,0.004975124378109453,598.1062274945314,79
exploratory,Chinese,Semantics,100,1836,0.16993848375174106,0.16857219775854343,"[0.1563768025753503, 0.18442309605451088]",0.011149180794735708,0.0537378372971477,0.06377474004006434,0.004975124378109453,0.004975124378109453,662.6748634211428,81
exploratory,Vietnamese,Semantics,100,1781,0.24040385979524004,0.22894867231797864,"[0.22327688632379358, 0.25794198108766564]",0.013367442208133434,0.054916881263843885,0.06462041990565817,0.004975124378109453,0.004975124378109453,554.549906684059,79
exploratory,Japanese,Semantics,100,1835,0.19291332312002302,0.18645862982947906,"[0.17619229435146222, 0.2127261628154358]",0.013974987987126803,0.052641413180899994,0.06159522676985257,0.004975124378109453,0.004975124378109453,545.369041494519,81
exploratory,Korean,Semantics,100,1836,0.22269790264444572,0.20770857111809238,"[0.20350343667677062, 0.24035686238626366]",0.0141483938600699,0.05349575480625017,0.06263872589977365,0.004975124378109453,0.004975124378109453,559.5057144889361,81
exploratory,Thai,Semantics,100,1836,0.23476983129691611,0.2225452668670318,"[0.2093815446571594, 0.256153777619387]",0.017713396530772273,0.052886789840995124,0.06158569067175624,0.004975124378109453,0.004975124378109453,585.780462530156,81
exploratory,Indonesian,Semantics,100,1733,0.24031765288710716,0.22294453187889146,"[0.21878989266046653, 0.26131746685270885]",0.016728909663520974,0.05683923384903584,0.06711816841583636,0.004975124378109453,0.004975124378109453,532.2528834123398,79
exploratory,Turkish,Semantics,100,1798,0.24183673106152365,0.22741004471964224,"[0.2200855058746667, 0.2640960945838884]",0.01775267789635171,0.05527071131445483,0.06497032017546299,0.004975124378109453,0.004975124378109453,557.8336842675334,79
exploratory,Arabic,Semantics,100,1830,0.20708315535289498,0.18980459060732918,"[0.193121021737825, 0.22251849830426887]",0.011639395497629799,0.05359117239528197,0.06444285280180048,0.004975124378109453,0.004975124378109453,593.733928729377,81
exploratory,Hebrew,Semantics,100,1832,0.1883219892485751,0.17089957105418246,"[0.17085651429824628, 0.2049795522545879]",0.013615543708464977,0.053046864352682244,0.06172397616045156,0.004975124378109453,0.004975124378109453,623.3810150736648,81
exploratory,Swahili,Semantics,100,1570,0.24788087892420033,0.23172090547391838,"[0.23082691698646723, 0.2638855036112306]",0.012581547062802349,0.06165192766867879,0.07382051773621681,0.004975124378109453,0.004975124378109453,474.1613675979432,77
exploratory,Hindi,Semantics,100,1799,0.20406419457295116,0.1677082867561466,"[0.1831563517422168, 0.2245044640842779]",0.017004500721103828,0.05481312149921393,0.06401640509116556,0.004975124378109453,0.004975124378109453,619.6173151924748,81
