pole,gloss,phoneme,mean_z,n_langs,n_families,family_sign_concord,total_count,p_perm,q_fdr,significant
巽卦-dynamic,wind / seepage,t͡ʃ,2.772,6,5,1.0,40,0.005,0.0495,True
中卦-dynamic,center / mixture,w,1.62,7,4,1.0,42,0.005,0.0495,True
離卦-static,fire / enclosure,ɪ,1.513,7,4,1.0,83,0.005,0.0495,True
坎卦-static,water / core,ŋ,1.278,13,7,0.86,340,0.005,0.0495,True
中卦-dynamic,center / mixture,ɡ,1.273,6,5,0.8,49,0.005,0.0495,True
中卦-dynamic,center / mixture,z,1.264,8,4,0.75,45,0.005,0.0495,True
乾卦-dynamic,sky / tumult,s,1.239,19,8,0.88,208,0.005,0.0495,True
坎卦-dynamic,water / dispersal,f,1.172,14,6,0.83,143,0.005,0.0495,True
中卦-dynamic,center / mixture,ɪ,1.148,8,4,1.0,107,0.005,0.0495,True
艮卦-static,mountain / cover,p,0.911,20,10,0.8,719,0.005,0.0495,True
乾卦-static,sky / fullness,k,-0.83,21,10,0.8,298,0.005,0.0495,True
坎卦-dynamic,water / dispersal,h,0.762,11,7,1.0,166,0.005,0.0495,True
坤卦-static,earth / void,s,0.75,22,11,0.82,729,0.005,0.0495,True
離卦-dynamic,fire / contraction,t,0.714,21,11,0.82,1600,0.005,0.0495,True
乾卦-static,sky / fullness,o,0.643,18,9,0.78,456,0.005,0.0495,True
坤卦-static,earth / void,h,0.558,14,10,0.8,259,0.005,0.0495,True
艮卦-static,mountain / cover,s,-0.549,21,10,1.0,894,0.005,0.0495,True
坤卦-dynamic,earth / stillness,p,-0.544,20,10,0.9,523,0.005,0.0495,True
坤卦-dynamic,earth / stillness,k,-0.541,22,11,0.82,1116,0.005,0.0495,True
震卦-dynamic,thunder / rising,m,-0.51,21,11,0.82,386,0.005,0.0495,True
離卦-dynamic,fire / contraction,ɛ,0.509,15,7,0.86,632,0.005,0.0495,True
離卦-dynamic,fire / contraction,o,-0.495,19,10,1.0,792,0.005,0.0495,True
震卦-dynamic,thunder / rising,i,-0.49,22,11,1.0,696,0.005,0.0495,True
震卦-static,thunder / base,t,0.434,21,11,0.82,1493,0.005,0.0495,True
兌卦-dynamic,marsh / emission,o,-0.425,19,10,0.9,658,0.005,0.0495,True
艮卦-dynamic,mountain / descent,o,-0.417,19,10,0.8,690,0.005,0.0495,True
艮卦-dynamic,mountain / descent,i,-0.383,22,11,0.91,1281,0.005,0.0495,True
乾卦-dynamic,sky / tumult,f,1.453,6,4,1.0,50,0.01,0.079,True
乾卦-dynamic,sky / tumult,j,1.129,11,4,0.75,74,0.01,0.079,True
離卦-static,fire / enclosure,r,0.978,14,7,0.86,184,0.01,0.079,True
坤卦-dynamic,earth / stillness,t͡s,-0.633,6,4,1.0,36,0.01,0.079,True
離卦-dynamic,fire / contraction,ɔ,-0.558,10,5,0.8,176,0.01,0.079,True
震卦-static,thunder / base,t͡ʃ,0.505,11,8,0.75,450,0.01,0.079,True
巽卦-dynamic,wind / seepage,f,2.268,6,2,1.0,44,0.005,0.0495,False
巽卦-dynamic,wind / seepage,ʃ,2.156,5,3,1.0,33,0.005,0.0495,False
中卦-dynamic,center / mixture,x,1.878,5,3,1.0,22,0.005,0.0495,False
坎卦-dynamic,water / dispersal,ŋ,1.08,9,7,0.57,107,0.005,0.0495,False
艮卦-static,mountain / cover,a͡ɪ,1.029,5,3,0.67,100,0.005,0.0495,False
巽卦-static,wind / detachment,b,0.988,15,10,0.7,103,0.005,0.0495,False
艮卦-dynamic,mountain / descent,θ,0.931,5,2,1.0,96,0.005,0.0495,False
震卦-dynamic,thunder / rising,e,0.918,19,10,0.7,662,0.005,0.0495,False
震卦-dynamic,thunder / rising,ɛ,0.802,13,7,0.57,326,0.005,0.0495,False
乾卦-static,sky / fullness,m,0.742,22,11,0.64,437,0.005,0.0495,False
坤卦-dynamic,earth / stillness,x,0.725,8,3,1.0,212,0.005,0.0495,False
震卦-static,thunder / base,ʊ,0.723,8,3,0.33,202,0.005,0.0495,False
震卦-static,thunder / base,t͡s,0.715,6,3,1.0,90,0.005,0.0495,False
乾卦-static,sky / fullness,ɡ,0.71,13,6,0.67,154,0.005,0.0495,False
震卦-static,thunder / base,b,0.675,20,10,0.7,658,0.005,0.0495,False
艮卦-dynamic,mountain / descent,d,0.669,19,9,0.67,585,0.005,0.0495,False
艮卦-dynamic,mountain / descent,ʃ,0.651,12,5,0.6,270,0.005,0.0495,False
乾卦-static,sky / fullness,s,0.623,20,9,0.67,577,0.005,0.0495,False
震卦-dynamic,thunder / rising,d,0.609,20,9,0.67,306,0.005,0.0495,False
震卦-static,thunder / base,ʃ,0.535,12,5,0.4,280,0.005,0.0495,False
坎卦-static,water / core,w,0.532,11,7,0.71,222,0.005,0.0495,False
離卦-dynamic,fire / contraction,l,-0.496,21,11,0.64,1017,0.005,0.0495,False
艮卦-static,mountain / cover,b,0.491,20,10,0.7,542,0.005,0.0495,False
震卦-dynamic,thunder / rising,l,-0.482,20,10,0.5,447,0.005,0.0495,False
離卦-dynamic,fire / contraction,u,-0.477,20,10,0.7,616,0.005,0.0495,False
坎卦-static,water / core,t,0.462,21,11,0.64,1856,0.005,0.0495,False
艮卦-dynamic,mountain / descent,m,-0.461,22,11,0.64,761,0.005,0.0495,False
艮卦-static,mountain / cover,f,0.455,17,8,0.62,372,0.005,0.0495,False
坤卦-dynamic,earth / stillness,j,0.448,21,11,0.64,651,0.005,0.0495,False
艮卦-static,mountain / cover,t,0.443,21,11,0.64,1145,0.005,0.0495,False
離卦-dynamic,fire / contraction,s,-0.443,22,11,0.73,1090,0.005,0.0495,False
離卦-dynamic,fire / contraction,n,0.429,22,11,0.64,1828,0.005,0.0495,False
艮卦-dynamic,mountain / descent,ɡ,0.426,17,8,0.5,382,0.005,0.0495,False
震卦-static,thunder / base,s,-0.411,21,10,0.6,1025,0.005,0.0495,False
兌卦-dynamic,marsh / emission,s,-0.388,21,10,0.7,787,0.005,0.0495,False
坤卦-dynamic,earth / stillness,n,0.371,22,11,0.64,2148,0.005,0.0495,False
中卦-static,center / uniformity,c,1.537,5,3,0.67,52,0.01,0.079,False
艮卦-dynamic,mountain / descent,ɲ,0.931,5,4,0.25,52,0.01,0.079,False
坎卦-dynamic,water / dispersal,z,0.851,10,5,0.6,73,0.01,0.079,False
中卦-dynamic,center / mixture,i,0.721,21,11,0.64,282,0.01,0.079,False
坤卦-static,earth / void,r,-0.492,15,7,0.57,369,0.01,0.079,False
離卦-dynamic,fire / contraction,ə,0.473,11,6,0.67,748,0.01,0.079,False
坤卦-dynamic,earth / stillness,h,0.379,16,10,0.6,785,0.01,0.079,False
震卦-static,thunder / base,p,0.353,21,11,0.55,673,0.01,0.079,False
震卦-static,thunder / base,i,-0.345,22,11,0.64,1774,0.01,0.079,False
艮卦-static,mountain / cover,k,0.322,22,11,0.73,1130,0.01,0.079,False
兌卦-static,marsh / cavity,u,1.547,9,8,0.88,63,0.0149,0.1028,False
巽卦-dynamic,wind / seepage,r,1.088,14,5,0.8,96,0.0149,0.1028,False
中卦-dynamic,center / mixture,f,1.01,10,5,0.8,52,0.0149,0.1028,False
中卦-static,center / uniformity,ʃ,0.951,8,4,0.75,95,0.0149,0.1028,False
巽卦-static,wind / detachment,o,0.716,17,9,1.0,215,0.0149,0.1028,False
乾卦-static,sky / fullness,j,0.702,15,8,0.75,167,0.0149,0.1028,False
艮卦-dynamic,mountain / descent,w,0.58,11,7,1.0,262,0.0149,0.1028,False
艮卦-dynamic,mountain / descent,ŋ,0.472,10,7,0.57,259,0.0149,0.1028,False
艮卦-static,mountain / cover,z,-0.408,13,7,0.86,143,0.0149,0.1028,False
坤卦-dynamic,earth / stillness,a,-0.368,21,10,0.6,3141,0.0149,0.1028,False
兌卦-dynamic,marsh / emission,i,-0.358,22,11,0.82,1190,0.0149,0.1028,False
艮卦-dynamic,mountain / descent,a,0.286,21,10,0.4,2489,0.0149,0.1028,False
兌卦-static,marsh / cavity,f,1.412,5,2,1.0,29,0.0199,0.1211,False
中卦-dynamic,center / mixture,v,1.132,9,5,0.8,70,0.0199,0.1211,False
巽卦-dynamic,wind / seepage,u,1.048,11,8,0.62,88,0.0199,0.1211,False
坎卦-static,water / core,ɲ,0.87,5,4,0.75,72,0.0199,0.1211,False
巽卦-dynamic,wind / seepage,k,0.866,15,8,0.75,121,0.0199,0.1211,False
坤卦-static,earth / void,ʌ,0.799,6,3,1.0,231,0.0199,0.1211,False
中卦-static,center / uniformity,j,0.693,12,7,0.71,144,0.0199,0.1211,False
中卦-static,center / uniformity,i,0.562,21,11,0.82,480,0.0199,0.1211,False
艮卦-static,mountain / cover,ʃ,0.489,11,5,0.8,277,0.0199,0.1211,False
震卦-static,thunder / base,ŋ,0.386,12,9,0.67,371,0.0199,0.1211,False
艮卦-static,mountain / cover,o,0.311,19,10,0.7,990,0.0199,0.1211,False
離卦-dynamic,fire / contraction,b,-0.308,20,10,0.7,385,0.0199,0.1211,False
巽卦-static,wind / detachment,ɑ,1.13,6,3,1.0,63,0.0249,0.138,False
中卦-static,center / uniformity,ʌ,0.996,6,3,0.67,108,0.0249,0.138,False
中卦-static,center / uniformity,ɛ,0.727,11,6,0.5,158,0.0249,0.138,False
震卦-dynamic,thunder / rising,d͡ʒ,0.71,6,4,0.5,59,0.0249,0.138,False
艮卦-dynamic,mountain / descent,a͡ɪ,0.603,5,3,1.0,109,0.0249,0.138,False
巽卦-static,wind / detachment,n,0.534,21,10,0.7,310,0.0249,0.138,False
坤卦-dynamic,earth / stillness,a͡ɪ,0.501,6,3,1.0,282,0.0249,0.138,False
離卦-dynamic,fire / contraction,e,0.349,19,10,0.5,1408,0.0249,0.138,False
離卦-dynamic,fire / contraction,ɡ,-0.347,16,8,0.75,320,0.0249,0.138,False
坤卦-dynamic,earth / stillness,v,0.342,14,6,0.67,497,0.0249,0.138,False
兌卦-static,marsh / cavity,l,1.095,15,8,0.88,102,0.0299,0.1509,False
離卦-static,fire / enclosure,ɔ,1.055,5,3,1.0,41,0.0299,0.1509,False
兌卦-static,marsh / cavity,t,0.953,13,7,0.71,103,0.0299,0.1509,False
兌卦-static,marsh / cavity,k,0.939,16,8,0.88,107,0.0299,0.1509,False
坤卦-dynamic,earth / stillness,ʌ,0.537,6,3,0.67,413,0.0299,0.1509,False
中卦-static,center / uniformity,s,0.53,21,11,0.73,355,0.0299,0.1509,False
乾卦-static,sky / fullness,p,-0.481,19,9,0.78,171,0.0299,0.1509,False
坤卦-dynamic,earth / stillness,t͡ʃ,-0.432,9,8,0.88,332,0.0299,0.1509,False
坤卦-static,earth / void,o,0.359,19,10,0.5,558,0.0299,0.1509,False
艮卦-static,mountain / cover,ŋ,0.351,12,7,0.71,284,0.0299,0.1509,False
坤卦-static,earth / void,p,0.322,20,10,0.5,314,0.0299,0.1509,False
兌卦-static,marsh / cavity,b,1.361,8,5,1.0,42,0.0348,0.1642,False
震卦-dynamic,thunder / rising,ʊ,-0.656,6,3,1.0,73,0.0348,0.1642,False
乾卦-static,sky / fullness,f,-0.469,13,5,0.6,77,0.0348,0.1642,False
震卦-static,thunder / base,ð,0.462,5,3,0.67,116,0.0348,0.1642,False
離卦-dynamic,fire / contraction,x,-0.423,8,3,0.67,80,0.0348,0.1642,False
震卦-dynamic,thunder / rising,j,0.373,18,9,0.78,236,0.0348,0.1642,False
兌卦-dynamic,marsh / emission,u,-0.312,21,10,0.8,505,0.0348,0.1642,False
震卦-static,thunder / base,r,-0.296,16,7,0.86,774,0.0348,0.1642,False
艮卦-static,mountain / cover,i,-0.276,22,11,0.45,1382,0.0348,0.1642,False
中卦-static,center / uniformity,y,0.961,6,4,0.75,49,0.0398,0.1721,False
中卦-dynamic,center / mixture,j,0.844,10,5,1.0,89,0.0398,0.1721,False
離卦-static,fire / enclosure,u,0.766,12,9,0.78,134,0.0398,0.1721,False
離卦-static,fire / enclosure,ɡ,0.718,10,5,0.8,64,0.0398,0.1721,False
坎卦-dynamic,water / dispersal,x,0.694,6,2,1.0,45,0.0398,0.1721,False
震卦-dynamic,thunder / rising,c,0.61,6,3,1.0,68,0.0398,0.1721,False
乾卦-static,sky / fullness,h,0.487,16,10,0.8,198,0.0398,0.1721,False
坤卦-static,earth / void,v,0.42,14,6,0.83,227,0.0398,0.1721,False
乾卦-static,sky / fullness,u,0.388,20,10,0.5,286,0.0398,0.1721,False
震卦-dynamic,thunder / rising,o,-0.348,18,9,0.89,407,0.0398,0.1721,False
坤卦-static,earth / void,i,0.316,22,11,0.64,845,0.0398,0.1721,False
坤卦-dynamic,earth / stillness,b,0.233,20,10,0.5,749,0.0398,0.1721,False
乾卦-dynamic,sky / tumult,z,1.143,5,3,1.0,41,0.0448,0.1859,False
乾卦-static,sky / fullness,ʊ,0.677,7,3,1.0,76,0.0448,0.1859,False
離卦-static,fire / enclosure,p,0.642,12,6,1.0,98,0.0448,0.1859,False
坎卦-static,water / core,v,-0.333,14,6,0.67,285,0.0448,0.1859,False
離卦-dynamic,fire / contraction,k,-0.257,22,11,0.64,1088,0.0448,0.1859,False
坤卦-dynamic,earth / stillness,m,-0.201,22,11,0.64,1117,0.0448,0.1859,False
坎卦-static,water / core,ð,0.564,5,2,0.5,97,0.0498,0.2013,False
離卦-static,fire / enclosure,m,0.559,20,9,0.78,192,0.0498,0.2013,False
中卦-dynamic,center / mixture,m,0.533,21,11,0.82,169,0.0498,0.2013,False
震卦-dynamic,thunder / rising,u,-0.322,20,10,0.9,293,0.0498,0.2013,False
兌卦-static,marsh / cavity,o,1.0,12,7,0.86,87,0.0547,0.2118,False
中卦-dynamic,center / mixture,k,0.523,19,9,0.56,187,0.0547,0.2118,False
離卦-dynamic,fire / contraction,ʊ,-0.487,8,3,1.0,126,0.0547,0.2118,False
艮卦-static,mountain / cover,ʊ,-0.338,7,3,0.33,148,0.0547,0.2118,False
震卦-static,thunder / base,ɪ,-0.317,10,5,0.4,333,0.0547,0.2118,False
艮卦-static,mountain / cover,ɡ,0.257,18,9,0.89,393,0.0547,0.2118,False
艮卦-dynamic,mountain / descent,s,-0.225,22,11,0.91,992,0.0547,0.2118,False
坎卦-dynamic,water / dispersal,ɾ,0.898,5,3,0.67,109,0.0597,0.2241,False
乾卦-dynamic,sky / tumult,i,0.583,19,9,0.78,251,0.0597,0.2241,False
兌卦-dynamic,marsh / emission,ɾ,0.502,6,3,0.67,375,0.0597,0.2241,False
艮卦-dynamic,mountain / descent,c,0.474,7,4,1.0,125,0.0597,0.2241,False
坤卦-dynamic,earth / stillness,u,0.259,20,10,0.6,1031,0.0597,0.2241,False
巽卦-dynamic,wind / seepage,b,1.185,5,4,1.0,35,0.0647,0.2331,False
巽卦-dynamic,wind / seepage,p,0.849,11,5,1.0,56,0.0647,0.2331,False
艮卦-static,mountain / cover,t͡ʃ,0.381,9,7,0.57,159,0.0647,0.2331,False
震卦-dynamic,thunder / rising,ɡ,0.341,15,8,0.62,208,0.0647,0.2331,False
坎卦-static,water / core,ə,0.338,10,6,0.67,1246,0.0647,0.2331,False
坤卦-dynamic,earth / stillness,y,0.329,8,5,0.6,177,0.0647,0.2331,False
艮卦-static,mountain / cover,r,-0.258,16,7,0.71,761,0.0647,0.2331,False
艮卦-dynamic,mountain / descent,d͡ʒ,0.477,7,5,0.8,86,0.0697,0.2426,False
艮卦-static,mountain / cover,d͡ʒ,0.467,5,4,1.0,73,0.0697,0.2426,False
震卦-dynamic,thunder / rising,ɔ,0.443,10,4,0.75,128,0.0697,0.2426,False
坤卦-dynamic,earth / stillness,a͡ʊ,0.417,6,2,1.0,48,0.0697,0.2426,False
坤卦-dynamic,earth / stillness,ŋ,0.278,12,7,0.71,338,0.0697,0.2426,False
坎卦-static,water / core,d,0.267,18,8,0.62,491,0.0697,0.2426,False
兌卦-static,marsh / cavity,j,1.399,5,3,1.0,30,0.0746,0.2557,False
震卦-static,thunder / base,ʌ,-0.44,6,3,0.33,261,0.0746,0.2557,False
離卦-dynamic,fire / contraction,ŋ,-0.347,9,7,0.71,199,0.0746,0.2557,False
中卦-static,center / uniformity,h,0.595,10,8,0.62,160,0.0846,0.2821,False
巽卦-static,wind / detachment,l,0.469,19,9,0.56,210,0.0846,0.2821,False
乾卦-static,sky / fullness,n,0.367,22,11,0.64,592,0.0846,0.2821,False
坎卦-static,water / core,ɛ,0.287,16,8,0.75,469,0.0846,0.2821,False
坤卦-static,earth / void,m,0.275,22,11,0.55,495,0.0846,0.2821,False
巽卦-dynamic,wind / seepage,h,1.021,6,5,0.6,40,0.0896,0.2955,False
中卦-dynamic,center / mixture,s,0.429,19,9,0.67,181,0.0896,0.2955,False
兌卦-dynamic,marsh / emission,ŋ,0.363,9,6,0.5,194,0.0945,0.3055,False
坤卦-static,earth / void,z,0.36,9,6,0.67,107,0.0945,0.3055,False
震卦-dynamic,thunder / rising,b,-0.286,19,9,0.89,204,0.0945,0.3055,False
坤卦-static,earth / void,t,0.263,21,11,0.55,595,0.0945,0.3055,False
巽卦-static,wind / detachment,ɡ,0.622,12,7,0.57,73,0.0995,0.3183,False
艮卦-static,mountain / cover,v,-0.249,14,6,0.83,275,0.0995,0.3183,False
震卦-dynamic,thunder / rising,ɪ,0.418,9,4,0.5,218,0.1045,0.3292,False
乾卦-static,sky / fullness,t,-0.285,20,10,0.7,367,0.1045,0.3292,False
坤卦-dynamic,earth / stillness,ə,-0.246,10,6,0.83,612,0.1045,0.3292,False
巽卦-static,wind / detachment,ŋ,0.81,5,5,0.8,53,0.1095,0.3397,False
巽卦-static,wind / detachment,j,0.599,12,7,0.86,88,0.1095,0.3397,False
艮卦-static,mountain / cover,a,0.197,21,10,0.9,2538,0.1095,0.3397,False
中卦-static,center / uniformity,x,0.825,5,2,0.5,39,0.1144,0.34,False
中卦-dynamic,center / mixture,b,0.622,9,8,0.75,57,0.1144,0.34,False
中卦-dynamic,center / mixture,r,-0.576,12,6,0.67,93,0.1144,0.34,False
中卦-dynamic,center / mixture,l,0.487,16,8,0.62,158,0.1144,0.34,False
坎卦-static,water / core,d͡ʒ,-0.394,6,4,1.0,47,0.1144,0.34,False
坤卦-static,earth / void,t͡ʃ,-0.383,7,6,1.0,60,0.1144,0.34,False
坎卦-static,water / core,ɡ,0.244,17,8,0.88,337,0.1144,0.34,False
艮卦-static,mountain / cover,ɛ,0.224,15,8,0.62,466,0.1144,0.34,False
震卦-static,thunder / base,ɡ,0.197,18,9,0.78,395,0.1144,0.34,False
乾卦-dynamic,sky / tumult,u,0.604,14,7,0.71,89,0.1194,0.3515,False
離卦-static,fire / enclosure,j,0.601,10,6,0.33,61,0.1194,0.3515,False
巽卦-static,wind / detachment,v,0.591,11,4,0.75,59,0.1244,0.361,False
震卦-static,thunder / base,ø,0.406,6,3,0.67,70,0.1244,0.361,False
乾卦-static,sky / fullness,d,0.304,19,9,0.67,194,0.1244,0.361,False
乾卦-dynamic,sky / tumult,ʃ,0.887,5,3,0.67,38,0.1294,0.3637,False
坎卦-dynamic,water / dispersal,ə,0.504,9,6,0.67,179,0.1294,0.3637,False
震卦-dynamic,thunder / rising,y,0.426,6,4,1.0,85,0.1294,0.3637,False
兌卦-dynamic,marsh / emission,ɪ,-0.346,9,4,0.75,231,0.1294,0.3637,False
艮卦-dynamic,mountain / descent,ɪ,-0.296,10,5,0.8,283,0.1294,0.3637,False
坎卦-static,water / core,e,0.218,19,10,0.8,1607,0.1294,0.3637,False
兌卦-dynamic,marsh / emission,ɡ,0.214,17,8,0.5,332,0.1294,0.3637,False
兌卦-static,marsh / cavity,p,0.836,10,5,0.6,47,0.1343,0.3727,False
震卦-dynamic,thunder / rising,ŋ,-0.399,8,6,1.0,99,0.1343,0.3727,False
坎卦-dynamic,water / dispersal,t,-0.294,20,10,0.8,317,0.1343,0.3727,False
乾卦-static,sky / fullness,ʌ,-0.533,5,2,1.0,100,0.1393,0.3733,False
巽卦-static,wind / detachment,a,0.442,20,10,0.5,519,0.1393,0.3733,False
乾卦-static,sky / fullness,ə,0.427,9,5,0.6,220,0.1393,0.3733,False
離卦-dynamic,fire / contraction,ɪ,0.274,9,4,0.75,457,0.1393,0.3733,False
兌卦-dynamic,marsh / emission,t͡ʃ,-0.263,10,8,0.75,150,0.1393,0.3733,False
震卦-static,thunder / base,ɔ,0.239,10,4,0.25,206,0.1393,0.3733,False
離卦-dynamic,fire / contraction,d,0.207,19,9,0.44,565,0.1393,0.3733,False
震卦-static,thunder / base,d,0.182,19,9,0.56,547,0.1393,0.3733,False
中卦-dynamic,center / mixture,t͡ʃ,0.809,5,4,1.0,28,0.1443,0.3817,False
離卦-dynamic,fire / contraction,z,0.231,13,7,0.57,399,0.1443,0.3817,False
坤卦-dynamic,earth / stillness,ɡ,0.178,18,9,0.56,489,0.1443,0.3817,False
中卦-dynamic,center / mixture,e,0.534,12,7,0.86,134,0.1493,0.3916,False
乾卦-dynamic,sky / tumult,o,0.525,14,7,1.0,137,0.1493,0.3916,False
乾卦-dynamic,sky / tumult,ɑ,0.868,5,3,1.0,49,0.1542,0.4013,False
中卦-dynamic,center / mixture,d,0.509,13,7,0.71,86,0.1542,0.4013,False
坤卦-static,earth / void,y,0.381,7,4,0.75,79,0.1592,0.4108,False
離卦-dynamic,fire / contraction,m,-0.163,22,11,0.73,1020,0.1592,0.4108,False
離卦-static,fire / enclosure,f,0.514,10,3,1.0,51,0.1642,0.4202,False
兌卦-dynamic,marsh / emission,ɛ,0.24,13,7,0.71,438,0.1642,0.4202,False
巽卦-dynamic,wind / seepage,j,0.843,6,4,0.75,33,0.1692,0.4242,False
中卦-static,center / uniformity,ɑ,-0.609,5,3,1.0,66,0.1692,0.4242,False
兌卦-static,marsh / cavity,a,-0.541,16,9,0.78,156,0.1692,0.4242,False
乾卦-static,sky / fullness,y,0.514,6,5,0.8,55,0.1692,0.4242,False
艮卦-static,mountain / cover,ɾ,0.297,6,3,0.67,266,0.1692,0.4242,False
艮卦-dynamic,mountain / descent,ɑ,0.319,6,3,1.0,347,0.1741,0.4333,False
震卦-static,thunder / base,a,0.155,21,10,0.4,2851,0.1741,0.4333,False
巽卦-static,wind / detachment,u,0.423,13,9,0.67,125,0.1791,0.4421,False
震卦-static,thunder / base,ɑ,0.243,8,4,1.0,324,0.1791,0.4421,False
坤卦-static,earth / void,ø,0.451,5,3,0.67,44,0.1841,0.4509,False
乾卦-dynamic,sky / tumult,m,0.415,20,10,0.6,135,0.1841,0.4509,False
乾卦-dynamic,sky / tumult,p,0.568,10,4,0.75,75,0.194,0.4679,False
坎卦-dynamic,water / dispersal,i,-0.229,21,11,0.73,443,0.194,0.4679,False
坎卦-static,water / core,k,0.155,22,11,0.55,971,0.194,0.4679,False
坤卦-dynamic,earth / stillness,i,0.13,22,11,0.64,2323,0.194,0.4679,False
乾卦-static,sky / fullness,x,-0.416,5,2,1.0,30,0.199,0.4762,False
艮卦-static,mountain / cover,ð,-0.324,5,3,0.33,60,0.199,0.4762,False
兌卦-static,marsh / cavity,ɛ,0.818,6,5,0.8,47,0.209,0.4944,False
中卦-dynamic,center / mixture,ɔ,0.644,5,3,0.67,31,0.209,0.4944,False
艮卦-static,mountain / cover,u,0.151,21,10,0.5,718,0.209,0.4944,False
巽卦-dynamic,wind / seepage,o,0.575,11,7,0.71,77,0.2139,0.5005,False
乾卦-static,sky / fullness,b,0.275,18,10,0.8,182,0.2139,0.5005,False
兌卦-dynamic,marsh / emission,t,-0.174,21,11,0.55,879,0.2139,0.5005,False
坤卦-static,earth / void,j,0.218,18,8,0.75,224,0.2189,0.5102,False
離卦-static,fire / enclosure,ŋ,0.648,5,5,0.4,44,0.2239,0.5142,False
坎卦-dynamic,water / dispersal,d͡ʒ,0.497,5,3,0.33,26,0.2239,0.5142,False
震卦-dynamic,thunder / rising,t,0.217,21,11,0.55,626,0.2239,0.5142,False
坎卦-static,water / core,j,-0.177,18,8,0.5,367,0.2239,0.5142,False
巽卦-dynamic,wind / seepage,ʌ,0.854,5,2,1.0,31,0.2388,0.5199,False
離卦-static,fire / enclosure,ɛ,0.565,9,5,1.0,93,0.2388,0.5199,False
兌卦-static,marsh / cavity,i,0.565,15,9,0.56,120,0.2388,0.5199,False
巽卦-dynamic,wind / seepage,s,0.438,16,7,0.71,108,0.2388,0.5199,False
乾卦-dynamic,sky / tumult,r,0.436,14,6,0.67,122,0.2338,0.5199,False
巽卦-static,wind / detachment,d,0.375,13,8,0.62,98,0.2338,0.5199,False
震卦-dynamic,thunder / rising,a͡ɪ,0.351,6,3,0.33,58,0.2338,0.5199,False
艮卦-dynamic,mountain / descent,ð,0.319,5,3,0.67,118,0.2388,0.5199,False
兌卦-dynamic,marsh / emission,ʊ,-0.299,6,3,1.0,118,0.2388,0.5199,False
坎卦-static,water / core,ɾ,0.294,6,3,0.67,266,0.2289,0.5199,False
坤卦-static,earth / void,d,-0.204,19,9,0.56,240,0.2338,0.5199,False
震卦-static,thunder / base,w,0.193,12,8,0.5,230,0.2289,0.5199,False
坎卦-static,water / core,h,0.172,15,9,0.56,515,0.2338,0.5199,False
震卦-dynamic,thunder / rising,k,-0.171,21,10,0.8,514,0.2388,0.5199,False
艮卦-dynamic,mountain / descent,b,-0.157,20,10,0.6,400,0.2289,0.5199,False
坎卦-static,water / core,ʊ,-0.261,7,3,1.0,111,0.2438,0.5253,False
坤卦-dynamic,earth / stillness,f,-0.15,17,8,0.88,361,0.2438,0.5253,False
離卦-dynamic,fire / contraction,a,0.128,21,10,0.5,2650,0.2438,0.5253,False
巽卦-dynamic,wind / seepage,m,0.514,12,8,0.75,73,0.2537,0.5411,False
坤卦-static,earth / void,ə,0.258,10,5,0.6,210,0.2537,0.5411,False
艮卦-static,mountain / cover,ɑ,0.221,8,4,0.75,322,0.2537,0.5411,False
兌卦-dynamic,marsh / emission,f,0.192,16,7,0.57,239,0.2587,0.548,False
坤卦-dynamic,earth / stillness,ɛ,0.146,16,8,0.62,613,0.2587,0.548,False
坎卦-dynamic,water / dispersal,ɪ,-0.394,8,4,1.0,105,0.2637,0.5511,False
坎卦-dynamic,water / dispersal,ɡ,0.293,14,7,0.71,120,0.2637,0.5511,False
震卦-static,thunder / base,z,-0.175,12,7,0.57,427,0.2637,0.5511,False
坤卦-dynamic,earth / stillness,ɔ,0.164,11,5,0.6,253,0.2637,0.5511,False
巽卦-static,wind / detachment,w,0.525,5,5,0.4,36,0.2687,0.5541,False
巽卦-static,wind / detachment,ɔ,0.523,8,3,0.67,37,0.2687,0.5541,False
離卦-dynamic,fire / contraction,t͡ʃ,-0.191,10,8,0.75,293,0.2687,0.5541,False
艮卦-static,mountain / cover,h,-0.171,15,9,0.78,483,0.2687,0.5541,False
震卦-static,thunder / base,ɾ,0.247,6,3,0.33,267,0.2736,0.5589,False
震卦-static,thunder / base,d͡ʒ,0.219,6,4,0.75,94,0.2736,0.5589,False
乾卦-static,sky / fullness,i,0.18,22,11,0.55,561,0.2736,0.5589,False
坎卦-dynamic,water / dispersal,ɑ,0.398,5,3,1.0,128,0.2786,0.5653,False
中卦-static,center / uniformity,v,0.386,9,4,0.5,78,0.2786,0.5653,False
艮卦-static,mountain / cover,ɪ,-0.204,9,5,0.4,305,0.2836,0.5717,False
離卦-dynamic,fire / contraction,v,0.172,14,6,0.67,379,0.2836,0.5717,False
巽卦-static,wind / detachment,ʊ,0.537,6,3,1.0,28,0.2935,0.5769,False
離卦-static,fire / enclosure,l,0.322,20,10,0.7,184,0.2886,0.5769,False
巽卦-static,wind / detachment,k,0.319,19,9,0.67,211,0.2935,0.5769,False
離卦-static,fire / enclosure,s,-0.291,18,8,0.62,188,0.2935,0.5769,False
兌卦-dynamic,marsh / emission,d͡ʒ,0.288,6,5,0.6,61,0.2886,0.5769,False
震卦-static,thunder / base,ə,-0.189,10,6,0.67,622,0.2935,0.5769,False
兌卦-dynamic,marsh / emission,j,0.157,17,8,0.62,300,0.2935,0.5769,False
震卦-static,thunder / base,u,0.131,21,10,0.7,860,0.2935,0.5769,False
坎卦-static,water / core,f,-0.165,17,7,0.71,241,0.2985,0.5831,False
震卦-static,thunder / base,j,-0.132,19,9,0.56,411,0.2985,0.5831,False
艮卦-dynamic,mountain / descent,ɔ,-0.171,11,5,0.8,193,0.3035,0.5891,False
震卦-static,thunder / base,f,0.137,18,8,0.62,320,0.3035,0.5891,False
離卦-dynamic,fire / contraction,c,0.24,6,3,1.0,131,0.3085,0.5951,False
艮卦-static,mountain / cover,n,-0.127,22,11,0.73,1273,0.3085,0.5951,False
中卦-dynamic,center / mixture,u,0.377,11,8,0.62,99,0.3134,0.6028,False
巽卦-dynamic,wind / seepage,ə,0.575,6,4,0.75,50,0.3184,0.605,False
坎卦-static,water / core,z,-0.172,13,7,0.86,939,0.3184,0.605,False
兌卦-dynamic,marsh / emission,a,0.135,21,10,0.5,2131,0.3184,0.605,False
艮卦-dynamic,mountain / descent,f,-0.122,17,7,0.71,242,0.3184,0.605,False
兌卦-static,marsh / cavity,n,0.514,13,9,0.44,99,0.3234,0.6071,False
巽卦-static,wind / detachment,z,0.432,6,5,0.8,43,0.3234,0.6071,False
巽卦-dynamic,wind / seepage,n,-0.383,15,7,0.71,90,0.3234,0.6071,False
震卦-static,thunder / base,y,-0.184,8,5,0.6,110,0.3234,0.6071,False
震卦-dynamic,thunder / rising,ɾ,0.3,6,3,0.67,153,0.3284,0.6109,False
坎卦-dynamic,water / dispersal,s,-0.179,21,10,0.7,333,0.3284,0.6109,False
艮卦-dynamic,mountain / descent,k,-0.124,21,10,0.5,1009,0.3284,0.6109,False
離卦-static,fire / enclosure,v,0.495,7,4,0.75,50,0.3333,0.6183,False
艮卦-dynamic,mountain / descent,x,0.236,7,3,0.33,79,0.3383,0.6202,False
乾卦-static,sky / fullness,l,-0.196,19,9,0.67,357,0.3383,0.6202,False
震卦-dynamic,thunder / rising,r,0.178,16,7,0.71,485,0.3383,0.6202,False
離卦-dynamic,fire / contraction,h,0.158,14,9,0.56,516,0.3383,0.6202,False
乾卦-dynamic,sky / tumult,ɛ,-0.459,8,5,0.8,47,0.3433,0.6257,False
艮卦-static,mountain / cover,c,0.188,8,4,0.5,104,0.3433,0.6257,False
震卦-dynamic,thunder / rising,t͡s,0.282,6,4,0.5,48,0.3483,0.6311,False
中卦-static,center / uniformity,m,0.225,20,10,0.5,271,0.3483,0.6311,False
坎卦-dynamic,water / dispersal,t͡ʃ,0.304,8,6,0.5,55,0.3582,0.6363,False
巽卦-static,wind / detachment,m,0.252,21,11,0.64,170,0.3582,0.6363,False
乾卦-static,sky / fullness,z,0.245,10,5,0.4,78,0.3532,0.6363,False
離卦-dynamic,fire / contraction,d͡ʒ,-0.221,5,4,0.75,63,0.3532,0.6363,False
離卦-dynamic,fire / contraction,f,0.138,17,8,0.62,331,0.3582,0.6363,False
坎卦-static,water / core,p,-0.124,21,11,0.73,460,0.3582,0.6363,False
震卦-static,thunder / base,n,-0.105,22,11,0.55,1586,0.3582,0.6363,False
兌卦-static,marsh / cavity,ɪ,0.573,6,3,0.67,39,0.3632,0.6394,False
離卦-static,fire / enclosure,z,0.512,5,3,0.33,27,0.3682,0.6394,False
離卦-static,fire / enclosure,e,0.307,18,10,0.6,141,0.3682,0.6394,False
坎卦-dynamic,water / dispersal,v,0.26,11,4,0.75,104,0.3682,0.6394,False
兌卦-dynamic,marsh / emission,ɑ,0.232,6,3,0.67,266,0.3632,0.6394,False
離卦-dynamic,fire / contraction,a͡ɪ,0.229,6,3,0.67,239,0.3682,0.6394,False
巽卦-static,wind / detachment,i,0.192,21,10,0.6,299,0.3682,0.6394,False
兌卦-dynamic,marsh / emission,m,-0.113,22,11,0.64,883,0.3632,0.6394,False
震卦-static,thunder / base,k,0.103,22,11,0.64,1151,0.3731,0.6463,False
震卦-dynamic,thunder / rising,n,0.136,22,11,0.55,807,0.3781,0.6531,False
坎卦-dynamic,water / dispersal,ʊ,0.301,7,3,0.33,61,0.3881,0.6589,False
坎卦-dynamic,water / dispersal,r,0.198,16,7,0.71,275,0.393,0.6589,False
坤卦-static,earth / void,ɑ,-0.197,8,4,0.5,122,0.393,0.6589,False
坎卦-dynamic,water / dispersal,n,-0.161,22,11,0.73,397,0.393,0.6589,False
坤卦-dynamic,earth / stillness,ð,0.16,6,3,0.67,134,0.393,0.6589,False
兌卦-dynamic,marsh / emission,h,0.149,15,10,0.5,392,0.393,0.6589,False
坤卦-static,earth / void,k,0.132,21,10,0.5,538,0.393,0.6589,False
坤卦-static,earth / void,a,0.125,21,10,0.8,1274,0.3881,0.6589,False
艮卦-static,mountain / cover,l,0.115,21,11,0.45,962,0.3881,0.6589,False
艮卦-dynamic,mountain / descent,l,0.113,21,11,0.64,1021,0.3831,0.6589,False
離卦-dynamic,fire / contraction,p,0.111,20,10,0.5,672,0.3881,0.6589,False
乾卦-dynamic,sky / tumult,ɪ,0.391,7,3,0.33,64,0.398,0.6619,False
離卦-static,fire / enclosure,b,0.264,14,9,0.56,86,0.398,0.6619,False
中卦-static,center / uniformity,u,-0.205,15,10,0.7,149,0.398,0.6619,False
乾卦-static,sky / fullness,w,0.333,6,6,0.5,61,0.403,0.6649,False
震卦-dynamic,thunder / rising,h,0.149,16,10,0.5,262,0.403,0.6649,False
艮卦-dynamic,mountain / descent,ɛ,-0.138,14,7,0.86,430,0.403,0.6649,False
中卦-dynamic,center / mixture,p,-0.269,10,5,0.4,54,0.4129,0.669,False
坎卦-dynamic,water / dispersal,o,-0.213,18,9,0.56,230,0.4129,0.669,False
坤卦-dynamic,earth / stillness,c,0.17,6,3,0.33,142,0.408,0.669,False
坤卦-dynamic,earth / stillness,ʊ,0.163,6,3,0.33,203,0.4129,0.669,False
坎卦-static,water / core,t͡ʃ,0.151,10,8,0.5,928,0.4129,0.669,False
坤卦-dynamic,earth / stillness,o,0.1,19,10,0.5,1372,0.4129,0.669,False
震卦-static,thunder / base,e,0.094,19,10,0.5,1209,0.4129,0.669,False
兌卦-static,marsh / cavity,d,0.513,5,3,0.67,37,0.4229,0.6747,False
中卦-static,center / uniformity,ŋ,0.384,5,5,0.4,61,0.4229,0.6747,False
坎卦-dynamic,water / dispersal,w,0.35,5,5,0.6,65,0.4229,0.6747,False
震卦-dynamic,thunder / rising,ʌ,0.277,6,3,0.33,158,0.4229,0.6747,False
中卦-static,center / uniformity,e,0.242,16,9,0.67,245,0.4179,0.6747,False
艮卦-static,mountain / cover,ə,-0.133,11,6,0.83,446,0.4229,0.6747,False
中卦-dynamic,center / mixture,ə,0.279,9,5,0.6,68,0.4328,0.6768,False
中卦-static,center / uniformity,ɪ,0.267,8,4,0.75,123,0.4328,0.6768,False
坎卦-static,water / core,c,-0.205,6,3,0.67,80,0.4279,0.6768,False
坎卦-dynamic,water / dispersal,u,0.162,19,10,0.7,245,0.4328,0.6768,False
艮卦-static,mountain / cover,x,0.149,8,4,0.75,105,0.4328,0.6768,False
乾卦-static,sky / fullness,a,0.147,21,10,0.7,1002,0.4328,0.6768,False
乾卦-static,sky / fullness,r,0.137,16,7,0.57,322,0.4328,0.6768,False
坤卦-dynamic,earth / stillness,z,0.115,14,7,0.71,449,0.4279,0.6768,False
震卦-dynamic,thunder / rising,ʃ,0.195,8,5,0.6,124,0.4378,0.6812,False
離卦-dynamic,fire / contraction,ɲ,0.179,6,5,0.2,68,0.4378,0.6812,False
兌卦-static,marsh / cavity,s,0.355,13,6,0.83,89,0.4527,0.6907,False
離卦-static,fire / enclosure,ə,0.337,9,5,0.6,91,0.4478,0.6907,False
乾卦-static,sky / fullness,v,0.175,13,5,0.6,128,0.4527,0.6907,False
震卦-dynamic,thunder / rising,z,0.146,12,7,0.57,132,0.4527,0.6907,False
坤卦-dynamic,earth / stillness,ʃ,0.134,11,4,0.5,393,0.4527,0.6907,False
坤卦-static,earth / void,e,-0.129,19,10,0.5,394,0.4527,0.6907,False
兌卦-dynamic,marsh / emission,z,0.129,11,7,0.57,208,0.4478,0.6907,False
坤卦-dynamic,earth / stillness,e,0.089,19,10,0.4,1379,0.4478,0.6907,False
乾卦-dynamic,sky / tumult,t,0.278,14,6,0.67,148,0.4577,0.6966,False
巽卦-dynamic,wind / seepage,ɛ,0.468,5,3,0.67,31,0.4726,0.7006,False
兌卦-static,marsh / cavity,e,0.447,8,4,0.75,53,0.4726,0.7006,False
離卦-static,fire / enclosure,w,0.371,5,5,0.6,36,0.4677,0.7006,False
兌卦-dynamic,marsh / emission,ʌ,-0.217,6,3,0.67,249,0.4677,0.7006,False
離卦-static,fire / enclosure,n,0.208,21,10,0.4,225,0.4627,0.7006,False
坎卦-static,water / core,a͡ʊ,0.188,6,2,0.5,28,0.4726,0.7006,False
巽卦-static,wind / detachment,s,-0.179,19,8,0.75,196,0.4677,0.7006,False
震卦-static,thunder / base,a͡ɪ,0.177,5,3,0.33,309,0.4726,0.7006,False
震卦-dynamic,thunder / rising,ə,0.165,11,6,0.33,312,0.4677,0.7006,False
坤卦-static,earth / void,l,-0.11,19,9,0.89,439,0.4627,0.7006,False
震卦-static,thunder / base,o,0.1,19,10,0.6,1043,0.4726,0.7006,False
艮卦-static,mountain / cover,ʌ,-0.17,6,3,0.67,273,0.4776,0.7063,False
中卦-static,center / uniformity,a,-0.159,21,10,0.5,698,0.4826,0.7103,False
兌卦-dynamic,marsh / emission,p,-0.107,20,10,0.6,479,0.4826,0.7103,False
離卦-dynamic,fire / contraction,ɾ,0.169,6,3,0.33,372,0.4876,0.7159,False
坤卦-static,earth / void,ɾ,-0.239,5,3,0.67,107,0.4925,0.7165,False
坎卦-static,water / core,ɔ,0.126,9,4,0.5,180,0.4925,0.7165,False
坤卦-static,earth / void,b,0.108,20,10,0.4,234,0.4925,0.7165,False
坎卦-static,water / core,r,0.105,16,7,0.71,801,0.4925,0.7165,False
坎卦-static,water / core,ʌ,-0.192,6,3,0.67,232,0.5025,0.7276,False
震卦-dynamic,thunder / rising,f,-0.137,16,7,0.86,135,0.5025,0.7276,False
乾卦-static,sky / fullness,ɔ,0.182,10,4,0.75,82,0.5075,0.7298,False
中卦-static,center / uniformity,r,-0.175,14,7,0.71,201,0.5075,0.7298,False
離卦-dynamic,fire / contraction,ʌ,0.173,6,3,0.67,335,0.5075,0.7298,False
乾卦-dynamic,sky / tumult,a,-0.219,20,10,0.4,315,0.5124,0.7319,False
巽卦-static,wind / detachment,p,0.211,13,7,0.57,106,0.5124,0.7319,False
坎卦-static,water / core,ɪ,-0.14,10,5,0.4,314,0.5124,0.7319,False
中卦-dynamic,center / mixture,n,-0.166,21,10,0.6,202,0.5174,0.7356,False
坎卦-dynamic,water / dispersal,l,0.147,21,11,0.55,343,0.5174,0.7356,False
坤卦-static,earth / void,ɡ,-0.119,13,9,0.56,148,0.5224,0.7394,False
震卦-static,thunder / base,l,0.078,20,10,0.3,1206,0.5224,0.7394,False
兌卦-static,marsh / cavity,m,0.358,10,7,0.43,56,0.5274,0.7447,False
坎卦-static,water / core,ɑ,0.126,8,4,0.5,249,0.5373,0.7554,False
震卦-dynamic,thunder / rising,s,0.098,22,11,0.73,609,0.5373,0.7554,False
中卦-dynamic,center / mixture,ɛ,0.195,10,6,0.17,77,0.5423,0.7607,False
乾卦-static,sky / fullness,e,0.127,19,10,0.6,345,0.5473,0.7625,False
離卦-dynamic,fire / contraction,r,-0.084,16,7,0.57,952,0.5473,0.7625,False
艮卦-static,mountain / cover,m,-0.065,22,11,0.45,819,0.5473,0.7625,False
艮卦-dynamic,mountain / descent,p,-0.074,20,10,0.6,512,0.5522,0.7677,False
中卦-dynamic,center / mixture,ʌ,-0.287,5,3,0.67,54,0.5572,0.7679,False
乾卦-static,sky / fullness,ʃ,-0.189,9,4,0.5,82,0.5572,0.7679,False
震卦-static,thunder / base,x,-0.127,8,3,0.67,103,0.5572,0.7679,False
坤卦-static,earth / void,f,-0.089,16,7,0.43,140,0.5572,0.7679,False
中卦-static,center / uniformity,k,0.125,20,10,0.5,300,0.5622,0.7713,False
坎卦-dynamic,water / dispersal,k,0.118,21,10,0.7,374,0.5622,0.7713,False
坤卦-static,earth / void,ɔ,-0.118,10,5,0.8,77,0.5672,0.7764,False
乾卦-static,sky / fullness,ŋ,0.218,6,5,0.6,73,0.5721,0.7799,False
坤卦-static,earth / void,ʊ,-0.14,7,3,0.33,70,0.5721,0.7799,False
離卦-dynamic,fire / contraction,t͡s,0.146,6,4,0.75,85,0.5771,0.7832,False
震卦-dynamic,thunder / rising,p,0.09,20,10,0.4,321,0.5771,0.7832,False
巽卦-dynamic,wind / seepage,l,0.221,17,8,0.5,92,0.5821,0.7849,False
坤卦-dynamic,earth / stillness,ɾ,-0.126,6,3,0.67,322,0.5821,0.7849,False
兌卦-dynamic,marsh / emission,x,0.11,8,3,0.67,90,0.5821,0.7849,False
乾卦-static,sky / fullness,ɾ,-0.19,5,3,0.67,105,0.5871,0.7882,False
中卦-static,center / uniformity,d,0.177,16,8,0.62,153,0.5871,0.7882,False
中卦-dynamic,center / mixture,ɾ,-0.248,5,3,0.67,42,0.602,0.7896,False
中卦-static,center / uniformity,z,0.188,8,6,0.67,60,0.602,0.7896,False
中卦-static,center / uniformity,ə,0.188,9,6,0.33,127,0.607,0.7896,False
巽卦-static,wind / detachment,t,-0.161,18,9,0.56,180,0.607,0.7896,False
震卦-dynamic,thunder / rising,w,0.13,10,7,0.43,111,0.597,0.7896,False
中卦-dynamic,center / mixture,t,-0.126,18,8,0.62,151,0.607,0.7896,False
艮卦-dynamic,mountain / descent,ʌ,0.124,6,3,0.67,289,0.597,0.7896,False
艮卦-static,mountain / cover,y,-0.11,7,5,0.4,98,0.592,0.7896,False
離卦-dynamic,fire / contraction,y,-0.106,8,5,0.4,134,0.607,0.7896,False
艮卦-dynamic,mountain / descent,y,0.101,8,5,0.6,136,0.597,0.7896,False
艮卦-dynamic,mountain / descent,t͡ʃ,-0.093,11,8,0.5,165,0.602,0.7896,False
坤卦-static,earth / void,u,-0.092,20,10,0.7,331,0.592,0.7896,False
兌卦-dynamic,marsh / emission,ə,0.09,10,6,0.67,491,0.602,0.7896,False
坎卦-static,water / core,u,0.061,20,10,0.3,736,0.592,0.7896,False
坤卦-dynamic,earth / stillness,l,0.059,20,10,0.5,1343,0.602,0.7896,False
中卦-dynamic,center / mixture,h,-0.208,8,6,0.67,54,0.6169,0.7974,False
巽卦-static,wind / detachment,h,0.199,10,7,0.57,88,0.6219,0.7974,False
巽卦-dynamic,wind / seepage,a,0.167,19,9,0.44,224,0.6219,0.7974,False
震卦-dynamic,thunder / rising,x,-0.159,5,2,1.0,44,0.6219,0.7974,False
兌卦-dynamic,marsh / emission,c,0.111,7,3,0.67,73,0.6219,0.7974,False
離卦-dynamic,fire / contraction,ʃ,0.079,13,5,0.4,227,0.6219,0.7974,False
坎卦-static,water / core,i,0.06,22,11,0.55,2261,0.6219,0.7974,False
乾卦-dynamic,sky / tumult,d,-0.204,9,4,0.5,51,0.6269,0.8005,False
巽卦-dynamic,wind / seepage,e,0.2,10,4,0.5,70,0.6269,0.8005,False
乾卦-dynamic,sky / tumult,h,0.245,8,7,0.57,43,0.6318,0.8036,False
艮卦-dynamic,mountain / descent,t,-0.069,21,11,0.55,1010,0.6318,0.8036,False
中卦-dynamic,center / mixture,o,0.159,14,9,0.56,123,0.6368,0.8083,False
離卦-static,fire / enclosure,h,0.216,7,6,0.67,77,0.6418,0.8097,False
兌卦-dynamic,marsh / emission,n,-0.057,22,11,0.64,1146,0.6418,0.8097,False
坤卦-dynamic,earth / stillness,t,-0.053,21,11,0.64,1546,0.6418,0.8097,False
乾卦-dynamic,sky / tumult,v,0.275,7,3,0.67,46,0.6517,0.8108,False
中卦-dynamic,center / mixture,a,0.145,20,10,0.5,345,0.6517,0.8108,False
坎卦-dynamic,water / dispersal,ɛ,0.11,13,7,0.43,154,0.6468,0.8108,False
震卦-dynamic,thunder / rising,t͡ʃ,0.108,10,7,0.43,100,0.6468,0.8108,False
兌卦-dynamic,marsh / emission,k,-0.066,21,10,0.7,947,0.6468,0.8108,False
艮卦-static,mountain / cover,e,0.058,19,10,0.6,841,0.6517,0.8108,False
艮卦-static,mountain / cover,j,-0.056,17,8,0.5,374,0.6517,0.8108,False
離卦-dynamic,fire / contraction,i,-0.058,22,11,0.55,1741,0.6617,0.8215,False
坤卦-dynamic,earth / stillness,ɑ,0.089,8,4,0.75,356,0.6667,0.8245,False
艮卦-dynamic,mountain / descent,ʊ,0.085,8,3,1.0,159,0.6667,0.8245,False
巽卦-static,wind / detachment,e,0.133,15,8,0.75,146,0.6716,0.8257,False
坤卦-dynamic,earth / stillness,ɲ,0.106,5,5,0.4,80,0.6716,0.8257,False
坎卦-dynamic,water / dispersal,p,0.103,19,9,0.78,180,0.6716,0.8257,False
離卦-static,fire / enclosure,a,0.111,19,9,0.44,460,0.6766,0.8286,False
坎卦-dynamic,water / dispersal,a,-0.106,21,10,0.7,745,0.6766,0.8286,False
艮卦-dynamic,mountain / descent,ə,-0.063,10,6,0.5,495,0.6816,0.8331,False
乾卦-dynamic,sky / tumult,l,-0.126,16,7,0.57,113,0.6866,0.8343,False
坎卦-static,water / core,b,0.057,20,10,0.4,523,0.6866,0.8343,False
艮卦-static,mountain / cover,d,-0.056,19,9,0.44,466,0.6866,0.8343,False
兌卦-dynamic,marsh / emission,e,0.062,19,10,0.5,964,0.6915,0.8387,False
兌卦-static,marsh / cavity,r,0.223,10,4,0.5,82,0.6965,0.8415,False
離卦-static,fire / enclosure,o,-0.169,13,9,0.56,113,0.6965,0.8415,False
艮卦-dynamic,mountain / descent,n,0.043,22,11,0.36,1387,0.7114,0.8562,False
震卦-static,thunder / base,m,0.038,22,11,0.55,979,0.7114,0.8562,False
離卦-static,fire / enclosure,ɑ,0.271,5,3,0.67,47,0.7214,0.8632,False
兌卦-dynamic,marsh / emission,ʃ,0.066,11,5,0.6,186,0.7214,0.8632,False
艮卦-static,mountain / cover,ɔ,0.061,11,5,0.6,207,0.7214,0.8632,False
乾卦-dynamic,sky / tumult,ə,-0.204,7,4,0.75,71,0.7264,0.8642,False
中卦-static,center / uniformity,t,-0.085,21,11,0.64,296,0.7264,0.8642,False
艮卦-dynamic,mountain / descent,e,0.039,19,10,0.5,903,0.7264,0.8642,False
中卦-dynamic,center / mixture,ɑ,-0.171,5,3,0.67,55,0.7313,0.8652,False
乾卦-dynamic,sky / tumult,k,0.109,17,8,0.5,140,0.7313,0.8652,False
中卦-static,center / uniformity,l,-0.093,20,10,0.7,254,0.7313,0.8652,False
巽卦-static,wind / detachment,ə,0.149,8,5,0.2,82,0.7413,0.872,False
巽卦-static,wind / detachment,r,-0.135,12,6,0.5,131,0.7413,0.872,False
艮卦-dynamic,mountain / descent,j,0.057,19,10,0.6,386,0.7413,0.872,False
震卦-dynamic,thunder / rising,ɑ,0.078,7,3,0.67,174,0.7463,0.8746,False
震卦-static,thunder / base,ɛ,0.047,16,8,0.38,489,0.7463,0.8746,False
中卦-static,center / uniformity,ɡ,0.094,11,7,0.29,80,0.7562,0.883,False
坤卦-dynamic,earth / stillness,ɪ,0.041,10,5,0.4,430,0.7562,0.883,False
艮卦-dynamic,mountain / descent,ɾ,-0.082,6,3,0.67,240,0.7612,0.8871,False
坎卦-static,water / core,y,-0.072,8,5,0.8,96,0.7662,0.8896,False
震卦-dynamic,thunder / rising,v,0.05,13,5,0.4,157,0.7662,0.8896,False
中卦-static,center / uniformity,o,0.098,15,9,0.56,217,0.7761,0.8962,False
艮卦-dynamic,mountain / descent,z,0.043,13,7,0.57,224,0.7761,0.8962,False
坤卦-dynamic,earth / stillness,r,-0.033,16,7,0.71,1075,0.7761,0.8962,False
中卦-static,center / uniformity,ɾ,-0.118,6,3,0.67,67,0.7811,0.9003,False
乾卦-dynamic,sky / tumult,ʌ,-0.166,5,2,1.0,42,0.7861,0.9043,False
離卦-dynamic,fire / contraction,ɑ,-0.07,7,3,0.67,338,0.791,0.9084,False
離卦-dynamic,fire / contraction,w,-0.047,11,7,0.86,187,0.796,0.9108,False
震卦-static,thunder / base,v,0.043,14,6,0.5,358,0.796,0.9108,False
坎卦-static,water / core,ʃ,-0.053,11,5,0.6,237,0.801,0.9148,False
離卦-static,fire / enclosure,ɾ,0.164,5,3,0.67,38,0.806,0.9171,False
中卦-static,center / uniformity,t͡ʃ,0.115,9,7,0.71,48,0.806,0.9171,False
兌卦-dynamic,marsh / emission,a͡ɪ,0.049,5,3,0.67,75,0.8109,0.9211,False
坎卦-dynamic,water / dispersal,y,0.091,5,3,0.33,40,0.8159,0.9234,False
中卦-static,center / uniformity,n,-0.05,22,11,0.55,376,0.8159,0.9234,False
坎卦-dynamic,water / dispersal,b,-0.054,12,9,0.67,101,0.8209,0.9241,False
坎卦-static,water / core,l,0.032,20,10,0.4,1615,0.8209,0.9241,False
坎卦-static,water / core,s,-0.029,21,10,0.6,998,0.8209,0.9241,False
坎卦-dynamic,water / dispersal,ʃ,0.057,10,5,0.4,75,0.8308,0.9303,False
兌卦-dynamic,marsh / emission,w,0.05,7,6,0.17,115,0.8308,0.9303,False
離卦-dynamic,fire / contraction,j,0.032,19,9,0.44,423,0.8308,0.9303,False
坎卦-static,water / core,x,0.043,9,4,0.75,104,0.8358,0.9308,False
坤卦-static,earth / void,ɛ,0.037,15,8,0.5,223,0.8358,0.9308,False
兌卦-dynamic,marsh / emission,l,0.027,21,11,0.55,851,0.8358,0.9308,False
離卦-static,fire / enclosure,d,0.066,14,8,0.5,70,0.8408,0.9331,False
坎卦-static,water / core,m,-0.032,21,10,0.6,803,0.8408,0.9331,False
坤卦-static,earth / void,ʃ,0.059,8,4,0.75,130,0.8458,0.9353,False
兌卦-dynamic,marsh / emission,ɔ,0.041,10,5,0.6,159,0.8458,0.9353,False
離卦-static,fire / enclosure,t,0.049,18,9,0.56,167,0.8507,0.9391,False
乾卦-dynamic,sky / tumult,n,0.061,19,9,0.67,179,0.8557,0.9413,False
坎卦-dynamic,water / dispersal,j,0.04,10,7,0.57,100,0.8557,0.9413,False
兌卦-static,marsh / cavity,ə,-0.135,6,3,0.67,33,0.8607,0.9418,False
乾卦-static,sky / fullness,d͡ʒ,0.073,5,3,0.67,28,0.8607,0.9418,False
巽卦-dynamic,wind / seepage,t,-0.063,14,7,0.57,72,0.8607,0.9418,False
巽卦-static,wind / detachment,ɪ,0.086,7,3,0.33,64,0.8657,0.944,False
中卦-static,center / uniformity,b,-0.035,13,9,0.67,107,0.8657,0.944,False
中卦-static,center / uniformity,ʊ,0.074,5,3,0.67,42,0.8806,0.9471,False
艮卦-dynamic,mountain / descent,t͡s,0.042,7,4,0.5,63,0.8756,0.9471,False
中卦-static,center / uniformity,p,-0.037,14,7,0.57,137,0.8756,0.9471,False
坤卦-static,earth / void,ŋ,-0.035,7,7,0.71,87,0.8806,0.9471,False
坤卦-dynamic,earth / stillness,d͡ʒ,-0.031,6,4,0.75,81,0.8756,0.9471,False
艮卦-dynamic,mountain / descent,r,-0.022,16,7,0.71,809,0.8756,0.9471,False
艮卦-dynamic,mountain / descent,u,-0.02,20,10,0.3,693,0.8806,0.9471,False
坎卦-static,water / core,n,-0.02,22,11,0.64,1990,0.8806,0.9471,False
離卦-static,fire / enclosure,i,-0.049,21,11,0.45,234,0.8856,0.9508,False
坎卦-dynamic,water / dispersal,ʌ,-0.069,6,3,0.67,86,0.8905,0.9512,False
離卦-dynamic,fire / contraction,ð,0.038,5,2,0.5,114,0.8905,0.9512,False
兌卦-dynamic,marsh / emission,d,0.026,18,9,0.33,436,0.8905,0.9512,False
兌卦-dynamic,marsh / emission,r,0.017,16,7,0.29,804,0.9005,0.9602,False
坤卦-static,earth / void,x,0.024,6,3,0.67,56,0.9055,0.9639,False
坎卦-static,water / core,a,-0.017,21,10,0.6,2314,0.9154,0.9728,False
乾卦-static,sky / fullness,ɪ,-0.034,9,4,0.75,149,0.9353,0.9764,False
巽卦-dynamic,wind / seepage,i,0.032,16,9,0.56,127,0.9403,0.9764,False
乾卦-static,sky / fullness,ɑ,0.031,7,3,0.67,102,0.9254,0.9764,False
兌卦-dynamic,marsh / emission,y,-0.024,8,5,0.6,105,0.9204,0.9764,False
坎卦-dynamic,water / dispersal,m,-0.022,22,11,0.55,298,0.9353,0.9764,False
震卦-static,thunder / base,c,-0.021,6,3,0.67,91,0.9403,0.9764,False
離卦-static,fire / enclosure,k,-0.02,18,8,0.75,165,0.9453,0.9764,False
坤卦-static,earth / void,w,-0.017,8,7,0.43,80,0.9403,0.9764,False
坤卦-dynamic,earth / stillness,w,0.017,12,8,0.5,239,0.9303,0.9764,False
震卦-dynamic,thunder / rising,a,-0.017,21,10,0.5,1287,0.9453,0.9764,False
艮卦-static,mountain / cover,θ,0.016,5,2,1.0,66,0.9453,0.9764,False
艮卦-dynamic,mountain / descent,h,-0.012,14,8,0.62,412,0.9303,0.9764,False
震卦-static,thunder / base,h,-0.012,15,9,0.56,537,0.9453,0.9764,False
兌卦-dynamic,marsh / emission,b,-0.012,19,10,0.7,330,0.9403,0.9764,False
坎卦-static,water / core,o,-0.011,19,10,0.5,865,0.9403,0.9764,False
坤卦-dynamic,earth / stillness,s,0.01,22,11,0.55,1481,0.9303,0.9764,False
坤卦-dynamic,earth / stillness,d,-0.009,19,9,0.78,664,0.9353,0.9764,False
巽卦-static,wind / detachment,f,0.043,5,3,0.67,38,0.9552,0.9818,False
坤卦-static,earth / void,ɪ,0.015,10,5,0.4,174,0.9552,0.9818,False
艮卦-static,mountain / cover,t͡s,0.014,5,3,0.67,45,0.9552,0.9818,False
坎卦-dynamic,water / dispersal,e,-0.007,15,8,0.38,271,0.9602,0.9853,False
乾卦-dynamic,sky / tumult,ɡ,0.024,6,3,0.67,35,0.9701,0.9859,False
乾卦-static,sky / fullness,t͡ʃ,0.016,5,5,0.4,37,0.9701,0.9859,False
兌卦-dynamic,marsh / emission,t͡s,-0.011,5,4,0.5,49,0.9652,0.9859,False
艮卦-static,mountain / cover,w,0.008,11,7,0.57,185,0.9701,0.9859,False
坤卦-static,earth / void,n,0.005,22,11,0.64,695,0.9652,0.9859,False
艮卦-dynamic,mountain / descent,v,-0.005,14,6,0.5,308,0.9701,0.9859,False
乾卦-dynamic,sky / tumult,e,-0.016,10,5,0.6,94,0.9751,0.9893,False
巽卦-static,wind / detachment,ɛ,0.014,12,6,0.33,76,0.9801,0.9896,False
乾卦-static,sky / fullness,ɛ,-0.004,14,7,0.43,157,0.9801,0.9896,False
坎卦-dynamic,water / dispersal,d,-0.003,15,9,0.33,140,0.9801,0.9896,False
兌卦-static,marsh / cavity,ʌ,0.022,5,2,0.5,27,0.9851,0.993,False
坎卦-dynamic,water / dispersal,ɔ,-0.004,9,4,0.25,66,0.995,0.9998,False
中卦-static,center / uniformity,f,-0.001,10,4,0.5,62,0.995,0.9998,False
乾卦-dynamic,sky / tumult,b,-0.004,6,5,0.6,50,1.0,1.0,False
兌卦-dynamic,marsh / emission,v,0.002,14,6,0.5,274,1.0,1.0,False
震卦-dynamic,thunder / rising,ɲ,-0.001,5,4,0.5,30,1.0,1.0,False
