syllable,onset,rhyme,n,pole_1,pole_2,pole_3,parallel_1,parallel_2,parallel_3,neighbors,example_words
fan,f,an,7,兌卦-dynamic,坎卦-dynamic,離卦-dynamic,坎卦-dynamic + 兌卦-dynamic,兌卦-dynamic,離卦-dynamic + 兌卦-dynamic,cook soup rice cooked vegetable eggplant eat spinach,返回(return) 做飯(cook) 翻譯(translate) 番茄(tomato) 番茄醬(ketchup) 米飯(rice) 飯廳(dining room)
kan,k,an,15,兌卦-dynamic,坤卦-dynamic,巽卦-dynamic,坤卦-dynamic + 兌卦-dynamic,坤卦-static + 兌卦-dynamic,兌卦-dynamic,feel leave want touch healthy breathe help need,感覺(feel) 敢(dare) 感染(infect) 趕快(hurry) 幹(dry) 情感(emotion) 尷尬(ashamed) 勇敢(brave) 幹凈(clean) 甘薯(sweet potato) 甘蔗(cane) 樹幹(trunk)
kʰan,kʰ,an,2,震卦-static,艮卦-static,震卦-dynamic,震卦-static + 震卦-dynamic,艮卦-static + 震卦-dynamic,艮卦-static + 震卦-static,view see picture below compare tell image here,看見(see) 看法(view)
lan,l,an,11,巽卦-static,乾卦-static,坤卦-dynamic,巽卦-static + 乾卦-static,巽卦-static,巽卦-static + 中卦-dynamic,dahlia hydrangea delphinium sunflower tulip daffodil marigold tomato,貪婪(greedy) 腐爛(rotten) 懶惰(lazy) 藍色(blue) 西蘭花(broccoli) 蘭花(orchid) 劍蘭(gladiolus) 龍舌蘭酒(tequila) 柵欄(fence) 籃子(basket) 籃球(basketball)
man,m,an,7,坤卦-static,坤卦-dynamic,艮卦-dynamic,坤卦-static + 艮卦-dynamic,坤卦-static + 離卦-dynamic,坤卦-static + 震卦-dynamic,fill full able enter sit complete reap get,充滿(fill) 漫遊(roam) 滿(full) 慢(slow) 滿意(satisfied) 藤蔓(vine) 地幔(mantle)
nan,n,an,5,坎卦-static,艮卦-dynamic,震卦-dynamic,坎卦-static + 震卦-dynamic,艮卦-dynamic + 坎卦-static,坎卦-static,boy man woman girl little_brother soldier young brother,難(difficult) 男人(man) 男孩(boy) 南瓜(pumpkin) 南(south)
pan,p,an,12,震卦-static,艮卦-static,離卦-static,坤卦-dynamic + 震卦-static,震卦-static,艮卦-dynamic + 震卦-static,floor next bench chair table balcony curtain corner,陪伴(accompany) 一半(half) 斑馬(zebra) 斑鳩(turtledove) 花瓣(petal) 板栗(chestnut) 地板(floor) 天花板(ceiling) 木板(board) 蹺蹺板(seesaw) 斑點(spot) 辦公室(office)
pʰan,pʰ,an,6,震卦-static,艮卦-static,震卦-dynamic,艮卦-static + 震卦-static,震卦-static,震卦-static + 震卦-dynamic,tray plate keyboard clock spoon wheel bowl bench,攀登(climb) 盤子(plate) 托盤(tray) 羅盤(compass) 鍵盤(keyboard) 裁判(referee)
san,s,an,4,坎卦-static,乾卦-dynamic,離卦-static,離卦-static + 乾卦-dynamic,坎卦-static + 乾卦-dynamic,震卦-dynamic + 乾卦-dynamic,march tuesday sunday thursday friday wednesday saturday monday,三(three) 周三(wednesday) 三月(march) 三角形(triangle)
tan,t,an,11,艮卦-static,坤卦-static,坎卦-static,艮卦-static + 中卦-static,艮卦-static,坤卦-static + 艮卦-static,egg_white egg yolk cake soy_sauce rice pudding apple_pie,淡(light) 膽小(timid) 牡丹(peony) 蛋(egg) 蛋白(egg white) 蛋黃(yolk) 蛋糕(cake) 起司蛋糕(cheesecake) 膽囊(gall bladder) 負擔(burden) 但(but)
tʰan,tʰ,an,6,坎卦-dynamic,艮卦-dynamic,兌卦-dynamic,艮卦-dynamic + 坎卦-dynamic,坎卦-dynamic + 震卦-dynamic,坎卦-dynamic + 兌卦-dynamic,slingshot bomb grenade escape attack skyscraper scorpion meteor,貪婪(greedy) 探索(explore) 海灘(beach) 彈弓(slingshot) 炸彈(bomb) 手榴彈(grenade)
t͡san,t͡s,an,1,震卦-static,兌卦-dynamic,乾卦-static,震卦-static + 兌卦-dynamic,震卦-static,震卦-static + 乾卦-static,praise shout disdain feedback respect proud boast crowd,稱讚(praise)
t͡sʰan,t͡sʰ,an,5,坤卦-dynamic,坤卦-static,乾卦-dynamic,坤卦-dynamic + 乾卦-static,坤卦-static + 坤卦-dynamic,坤卦-dynamic + 乾卦-dynamic,dinner lunch meal breakfast restaurant snack dish soup,早餐(breakfast) 午餐(lunch) 晚餐(dinner) 餐(meal) 餐廳(restaurant)
xan,x,an,2,兌卦-dynamic,坎卦-dynamic,離卦-dynamic,兌卦-dynamic,坎卦-dynamic + 兌卦-dynamic,巽卦-dynamic + 兌卦-dynamic,shout sweat scream laugh crowd tear howl praise,呼喊(shout) 汗水(sweat)
ɻan,ɻ,an,8,離卦-dynamic,坎卦-dynamic,兌卦-dynamic,坤卦-static + 離卦-dynamic,坤卦-dynamic + 離卦-dynamic,坤卦-static + 兌卦-dynamic,but not even because like why know should,感染(infect) 染色(dye) 汙染(pollute) 自然(nature) 雖然(although) 仍然(still) 然後(then) 當然(sure)
ʂan,ʂ,an,20,艮卦-static,震卦-static,坎卦-dynamic,艮卦-static + 震卦-static,艮卦-static,震卦-static,meteor mulberry_tree palm_tree ash tree mountain mushroom snow,帳單(bill) 閃耀(shine) 刪除(delete) 單(single) 山羊(goat) 珊瑚(coral) 山竹(mangosteen) 山毛櫸(beech) 冷杉(fir) 閃電(lightning) 山(mountain) 火山(volcano)
ʈ͡ʂan,ʈ͡ʂ,an,8,震卦-dynamic,艮卦-dynamic,兌卦-dynamic,震卦-dynamic,震卦-static + 震卦-dynamic,震卦-dynamic + 離卦-dynamic,stand continue challenge succeed begin fight make build,站(stand) 展示(show) 顫抖(tremble) 發展(develop) 伸展(stretch) 挑戰(challenge) 戰爭(war) 車站(station)
ʈ͡ʂʰan,ʈ͡ʂʰ,an,2,艮卦-dynamic,坤卦-dynamic,兌卦-dynamic,艮卦-dynamic,坤卦-dynamic + 艮卦-dynamic,艮卦-dynamic + 巽卦-static,midwife shovel gardener pestle nurse plumber teacher hoe,鏟(shovel) 助產士(midwife)
an,∅,an,6,坤卦-dynamic,乾卦-dynamic,坎卦-static,坤卦-dynamic + 乾卦-dynamic,坤卦-dynamic + 坎卦-static,坤卦-dynamic + 離卦-static,quiet close safe stay dark calm place warm,安排(arrange) 安全(safe) 安靜(quiet) 黑暗(dark) 海岸(coast) 圖案(pattern)
kaɪ,k,aɪ,4,兌卦-dynamic,艮卦-dynamic,離卦-dynamic,中卦-static + 兌卦-dynamic,艮卦-dynamic + 兌卦-dynamic,兌卦-dynamic,should irrigate change must can correct need choose,改變(change) 灌溉(irrigate) 乞丐(beggar) 應該(should)
kʰaɪ,kʰ,aɪ,6,離卦-dynamic,坎卦-dynamic,兌卦-dynamic,坎卦-dynamic + 離卦-dynamic,離卦-dynamic,坎卦-dynamic + 震卦-dynamic,begin make allow continue create meet prepare move,分開(split) 打開(open) 開始(begin) 開槍(shoot) 開心(happy) 開心果(pistachio)
laɪ,l,aɪ,3,離卦-dynamic,艮卦-dynamic,震卦-dynamic,艮卦-dynamic + 離卦-dynamic,震卦-dynamic + 離卦-dynamic,坤卦-dynamic + 離卦-dynamic,future come meet affect predict must soon stable,來(come) 依賴(dependent) 將來(future)
maɪ,m,aɪ,9,離卦-dynamic,震卦-static,兌卦-dynamic,離卦-dynamic,震卦-static + 離卦-dynamic,巽卦-dynamic + 離卦-dynamic,trade sell buy market finance bank money store,購買(buy) 售賣(sell) 買賣(trade) 買賣(trade) 狐貍(fox) 小麥(wheat) 靜脈(vein) 動脈(artery) 麥克風(microphone)
naɪ,n,aɪ,10,中卦-static,乾卦-static,震卦-dynamic,中卦-static + 震卦-dynamic,中卦-static,中卦-static + 乾卦-static,yogurt cream milk butter cheese milkshake sugar pudding,忍耐(endure) 耐心(patient) 奶牛(cow) 康乃馨(carnation) 牛奶(milk) 酸奶(yogurt) 奶油(cream) 奶酪(cheese) 馬蘇裏拉奶酪(mozzarella) 奶昔(milkshake)
paɪ,p,aɪ,10,兌卦-dynamic,乾卦-static,離卦-dynamic,兌卦-dynamic + 乾卦-static,離卦-dynamic + 乾卦-static,艮卦-static + 乾卦-static,egg_white golden white zebra black lily swan thousand,失敗(fail) 拜訪(visit) 清白(innocent) 白色(white) 百(hundred) 百萬(million) 白蟻(termite) 百合(lily) 蛋白(egg white) 搖擺木馬(rocking horse)
pʰaɪ,pʰ,aɪ,4,離卦-dynamic,坎卦-dynamic,坎卦-static,坎卦-static + 離卦-dynamic,離卦-dynamic,坎卦-dynamic + 離卦-dynamic,cake noodle cook arrange bowl dish apple_pie pool,排水(drain) 安排(arrange) 蘋果派(apple pie) 排球(volleyball)
saɪ,s,aɪ,2,艮卦-dynamic,震卦-dynamic,震卦-static,艮卦-dynamic + 震卦-dynamic,艮卦-dynamic,艮卦-dynamic + 震卦-static,race contest game win football season basketball team,比賽(contest) 賽跑(race)
taɪ,t,aɪ,7,離卦-dynamic,兌卦-dynamic,坎卦-dynamic,離卦-dynamic,艮卦-dynamic + 離卦-dynamic,震卦-static + 離卦-dynamic,carry bag pocket bring squeeze hurry pull take,等待(wait) 帶(bring) 攜帶(carry) 袋鼠(kangaroo) 皮帶(belt) 口袋(pocket) 接待員(receptionist)
tʰaɪ,tʰ,aɪ,8,艮卦-static,巽卦-static,坤卦-dynamic,艮卦-static + 巽卦-static,坤卦-dynamic + 艮卦-static,艮卦-static,roof sun tower balcony dome solar_system plant moon,雙胞胎(twins) 苔蘚(moss) 太陽(sun) 陽臺(balcony) 輪胎(tire) 舞臺(stage) 太陽系(solar system) 太(too)
t͡saɪ,t͡s,aɪ,14,震卦-dynamic,震卦-static,艮卦-static,坤卦-static + 震卦-dynamic,震卦-static + 震卦-dynamic,震卦-dynamic + 離卦-static,before next when until after now in present,加載(load) 不在場(absent) 在場(present) 現在(present) 在(at) 在裏面(in) 在上面(on) 在上面(above) 在下面(below) 在前面(before) 在後面(behind) 現在(now)
t͡sʰaɪ,t͡sʰ,aɪ,12,乾卦-static,坎卦-dynamic,離卦-dynamic,坎卦-dynamic + 乾卦-static,離卦-dynamic + 乾卦-static,乾卦-static,cabbage spinach cauliflower eggplant vegetable broccoli scallion tomato,猜測(guess) 蔬菜(vegetable) 菠菜(spinach) 卷心菜(cabbage) 菜花(cauliflower) 芹菜(celery) 泡菜(pickle) 彩虹(rainbow) 材料(material) 财富(wealth) 裁縫(tailor) 裁判(referee)
xaɪ,x,aɪ,22,艮卦-static,坤卦-dynamic,坎卦-static,坤卦-dynamic + 艮卦-static,坤卦-dynamic + 坎卦-static,坤卦-dynamic + 兌卦-dynamic,dolphin sea_anemone turtle whale seahorse shark starfish jellyfish,傷害(hurt) 孩子(child) 男孩(boy) 女孩(girl) 海龜(turtle) 海豚(dolphin) 海豹(seal) 海象(walrus) 海蜇(jellyfish) 海星(starfish) 海馬(seahorse) 海螺(conch)
ʈ͡ʂaɪ,ʈ͡ʂ,aɪ,6,離卦-dynamic,震卦-static,震卦-dynamic,震卦-static + 離卦-dynamic,坎卦-static + 離卦-dynamic,艮卦-dynamic + 震卦-static,blame responsibility accept burden consider refuse responsible because,選擇(choose) 債(debt) 責備(blame) 窄(narrow) 負責任(responsible) 責任(responsibility)
aɪ,∅,aɪ,4,中卦-static,中卦-dynamic,巽卦-static,艮卦-static + 中卦-dynamic,中卦-static + 離卦-dynamic,艮卦-dynamic + 中卦-dynamic,preference little_brother certain type little_sister dwarf one only,愛(love) 矮小(short) 矮人(dwarf) 偏愛(preference)
feɪ,f,eɪ,9,兌卦-dynamic,艮卦-static,艮卦-dynamic,艮卦-static + 兌卦-dynamic,兌卦-dynamic,艮卦-static + 艮卦-dynamic,fly air air_conditioner pilot smoke wind coffee cigarette,飛(fly) 煮沸(boil) 吠叫(bark) 飛燕草(delphinium) 咖啡(coffee) 肺(lung) 飛機(plane) 肥皂(soap) 飛行員(pilot)
keɪ,k,eɪ,1,兌卦-dynamic,離卦-dynamic,震卦-dynamic,離卦-dynamic + 兌卦-dynamic,兌卦-dynamic,離卦-dynamic,give take get ask lend make want help,給(give)
leɪ,l,eɪ,6,坎卦-static,震卦-static,離卦-static,震卦-static + 離卦-static,坎卦-static + 震卦-static,艮卦-static + 坎卦-static,bone human lung rib tear heart thunder fire,人類(human) 肋骨(rib) 眼淚(tear) 雷(thunder) 類型(type) 堡壘(fort)
meɪ,m,eɪ,12,坎卦-static,中卦-dynamic,巽卦-static,坎卦-static,坎卦-static + 中卦-dynamic,坎卦-static + 巽卦-static,little_sister niece little_brother sister daughter girl granddaughter nephew,美麗(beautiful) 完美(perfect) 每個(each) 姐妹(sister) 妹妹(little sister) 妹妹(little sister) 兄弟姐妹(siblings) 畫眉(song thrush) 草莓(strawberry) 玫瑰(rose) 眉毛(eyebrow) 媒體(media)
neɪ,n,eɪ,1,巽卦-dynamic,兌卦-dynamic,乾卦-static,巽卦-dynamic + 乾卦-static,兌卦-dynamic + 乾卦-static,巽卦-dynamic + 兌卦-dynamic,guts spit dig put swallow vomit spleen raw,內臟(guts)
peɪ,p,eɪ,13,艮卦-dynamic,震卦-dynamic,坎卦-static,艮卦-dynamic + 坎卦-static,艮卦-dynamic + 震卦-static,坎卦-static + 震卦-dynamic,hope sad pray grief cry heart die peace,悲痛(grief) 責備(blame) 準備(prepare) 悲傷(sad) 準備好(ready) 北極熊(polar bear) 貝殼(shell) 杯子(cup) 背(back) 北(north) 被子(quilt) 悖論(paradox)
pʰeɪ,pʰ,eɪ,2,離卦-dynamic,兌卦-dynamic,震卦-dynamic,離卦-dynamic,震卦-dynamic + 離卦-dynamic,離卦-dynamic + 兌卦-dynamic,accompany match choose arrange play present order combine,匹配(match) 陪伴(accompany)
t͡seɪ,t͡s,eɪ,1,乾卦-static,兌卦-static,坤卦-dynamic,兌卦-static + 乾卦-static,坤卦-dynamic + 乾卦-static,坤卦-dynamic + 兌卦-static,squid octopus shark fish shrimp crab lobster jellyfish,烏賊(squid)
xeɪ,x,eɪ,3,坎卦-static,中卦-static,坤卦-static,坎卦-static + 中卦-static,艮卦-static + 中卦-static,坤卦-static + 坎卦-static,black white brown black_hole gray dark blue red,黑暗(dark) 黑色(black) 黑洞(black hole)
ʈ͡ʂeɪ,ʈ͡ʂ,eɪ,2,乾卦-static,離卦-static,震卦-static,震卦-dynamic + 乾卦-static,離卦-static + 乾卦-static,震卦-static + 乾卦-static,this here thing what sure there today that,這個(this) 這裏(here)
li,l,i,50,坎卦-static,坎卦-dynamic,震卦-static,坎卦-static + 震卦-dynamic,艮卦-dynamic + 坎卦-static,坎卦-static + 離卦-dynamic,place matter thing what how exactly this imagine,離(leave) 逃離(escape) 婚禮(wedding) 離婚(divorce) 剝離(peel) 處理(handle) 整理(sort) 理解(understand) 管理(manage) 犁(plough) 修理(fix) 美麗(beautiful)
mi,m,i,11,中卦-dynamic,中卦-static,坎卦-static,坎卦-static + 中卦-dynamic,坎卦-static + 中卦-static,中卦-static + 乾卦-static,mushroom berry honey rice peach corn hazelnut almond,秘密(secret) 秘密(secret) 密集(dense) 蜜蜂(bee) 獼猴桃(kiwi) 玉米(corn) 米飯(rice) 蜂蜜(honey) 迷宮(labyrinth) 秘書(secretary) 密度(density)
ni,n,i,9,兌卦-dynamic,離卦-dynamic,震卦-dynamic,離卦-dynamic + 兌卦-dynamic,兌卦-dynamic,離卦-dynamic,daughter baby son grandson sister niece boy little_sister,你(you) 你們(you) 兒子(son) 女兒(daughter) 嬰兒(baby) 泥土(earth) 托兒所(nursery) 水泥(cement) 你好(hello)
pi,p,i,17,艮卦-static,離卦-dynamic,震卦-static,艮卦-static + 離卦-dynamic,艮卦-static + 兌卦-dynamic,艮卦-static + 艮卦-dynamic,hand pen thumb pencil draw stick glove finger,關閉(close) 硬幣(coin) 避免(avoid) 比較(compare) 鄙視(disdain) 必要(necessary) 鼻子(nose) 鼻孔(nostril) 鼻涕(snot) 手臂(arm) 壁櫥(closet) 鉛筆(pencil)
pʰi,pʰ,i,12,艮卦-static,坤卦-dynamic,震卦-static,坤卦-dynamic + 艮卦-static,坤卦-dynamic + 巽卦-dynamic,坤卦-dynamic + 震卦-static,skin fur neck armpit chin bone beard thigh,匹配(match) 疲勞(tired) 樹皮(bark) 皮膚(skin) 脆皮(crust) 啤酒(beer) 毛皮(fur) 眼皮(eyelid) 脾(spleen) 屁(fart) 皮帶(belt) 披風(cloak)
ti,t,i,28,坎卦-static,震卦-static,離卦-static,坎卦-static + 震卦-static,震卦-static + 離卦-static,坤卦-static + 震卦-static,middle inside place outside hole house black_hole deep,洗滌(wash) 低語(whisper) 滴下(drip) 低(low) 當地(local) 第一(first) 兄弟(brother) 弟弟(little brother) 弟弟(little brother) 兄弟姐妹(siblings) 平底鍋(pan) 土地(land)
tʰi,tʰ,i,24,震卦-static,艮卦-static,坤卦-static,艮卦-static + 震卦-static,震卦-static,坤卦-static + 震卦-static,elevator microphone toilet fart tuba floor slide organ,踢(kick) 打噴嚏(sneeze) 提供(provide) 提到(mention) 裸體(naked) 鵜(pelican) 蟬(cicada) 液體(fluid) 鼻涕(snot) 身體(body) 梯子(ladder) 滑梯(slide)
t͡ɕi,t͡ɕ,i,66,兌卦-dynamic,坤卦-dynamic,離卦-dynamic,坤卦-dynamic + 離卦-dynamic,坤卦-static + 離卦-dynamic,坤卦-dynamic + 兌卦-dynamic,train_driver person printer computer machine train bus_driver car,繼續(continue) 擠(squeeze) 記住(remember) 忘記(forget) 攻擊(attack) 堆積(pile) 記錄(record) 繼承(inherit) 計算(calculate) 編輯(edit) 設計(design) 計劃(plan)
t͡ɕʰi,t͡ɕʰ,i,39,坤卦-dynamic,坤卦-static,艮卦-dynamic,坤卦-dynamic + 艮卦-static,坤卦-dynamic + 艮卦-dynamic,坤卦-dynamic + 坎卦-static,balloon plane first thing one dream moon day,騎(ride) 祈禱(pray) 起皺(wrinkle) 欺騙(deceive) 好奇(curious) 奇怪(strange) 奇(odd) 整齐的(tidy) 乞丐(beggar) 其他(other) 七(seven) 妻子(wife)
ɕi,ɕ,i,38,離卦-dynamic,坤卦-static,坤卦-dynamic,坤卦-static + 離卦-dynamic,坤卦-dynamic + 離卦-dynamic,坤卦-static + 兌卦-dynamic,thing learn work really understand imagine know how,學習(learn) 習慣(be used to) 洗滌(wash) 吮吸(suck) 呼吸(breathe) 喜歡(like) 練習(practise) 復習(review) 出席(attend) 希望(hope) 稀疏(sparse) 細(fine)
i,∅,i,58,坤卦-static,離卦-dynamic,坎卦-static,坤卦-static + 離卦-dynamic,坤卦-dynamic + 離卦-dynamic,坤卦-static + 震卦-dynamic,one time exactly same case just only when,懷疑(doubt) 移動(move) 註意(notice) 溢出(spill) 阻礙(obstruct) 翻譯(translate) 容易(easy) 依賴(dependent) 一貫(consistent) 任意(arbitrary) 異(different) 便宜(cheap)
lin,l,in,5,坎卦-static,坤卦-dynamic,離卦-static,坤卦-dynamic + 坎卦-static,坎卦-static,坤卦-dynamic + 離卦-static,neighbor neighbour forest house park volcano shower garden,淋浴(shower) 森林(forest) 冰淇淋(ice cream) 鄰居(neighbor) 鄰居(neighbour)
min,m,in,4,兌卦-dynamic,乾卦-static,離卦-dynamic,兌卦-dynamic + 乾卦-static,坎卦-static + 兌卦-dynamic,離卦-dynamic + 乾卦-static,people farmer grow poor pity hungry who beggar,憐憫(pity) 殖民(colonize) 民族(people) 農民(farmer)
pʰin,pʰ,in,4,中卦-static,坤卦-dynamic,中卦-dynamic,中卦-static + 離卦-dynamic,中卦-static + 兌卦-dynamic,坤卦-dynamic + 中卦-static,employ poor medicine frequency often less practise common,聘請(employ) 貧窮(poor) 藥品(medicine) 頻率(frequency)
t͡ɕin,t͡ɕ,in,22,艮卦-dynamic,震卦-dynamic,艮卦-static,艮卦-static + 艮卦-dynamic,艮卦-dynamic + 震卦-static,艮卦-dynamic + 坎卦-static,today pyramid moon tulip golden dream shape world,接近(approach) 進(enter) 浸泡(soak) 禁止(forbid) 緊(tight) 近(near) 緊張(nervous) 近似(approximate) 禁欲(ascetic) 金色(golden) 郁金香(tulip) 金魚草(snapdragon)
t͡ɕʰin,t͡ɕʰ,in,7,巽卦-static,離卦-dynamic,兌卦-static,巽卦-static + 離卦-dynamic,巽卦-static,巽卦-static + 巽卦-dynamic,piano cello violin guitar saxophone flute tuba trumpet,侵蝕(erode) 勤勞(diligent) 芹菜(celery) 大提琴(cello) 小提琴(violin) 鋼琴(piano) 管風琴(organ)
ɕin,ɕ,in,17,離卦-dynamic,坎卦-static,乾卦-static,離卦-dynamic + 乾卦-static,坎卦-static + 離卦-dynamic,坤卦-dynamic + 離卦-dynamic,sunflower message sweet_potato apple daffodil letter almond hope,心智(mind) 相信(believe) 開心(happy) 惡心(disgusted) 耐心(patient) 新(new) 新鮮(fresh) 核心(kernel) 卷心菜(cabbage) 康乃馨(carnation) 風信子(hyacinth) 開心果(pistachio)
in,∅,in,21,離卦-dynamic,艮卦-static,坤卦-static,坤卦-static + 離卦-dynamic,艮卦-static + 離卦-dynamic,坤卦-dynamic + 離卦-dynamic,music radio classical_music pop_music voice sound trumpet guitar,隱藏(hide) 打印(print) 復印(copy) 銀色(silver) 銀蓮花(anemone) 銀杏(ginkgo) 飲料(beverage) 陰影(shadow) 聲音(sound) 語音(voice) 銀(silver) 引擎(engine)
liŋ,l,iŋ,5,艮卦-static,震卦-static,坎卦-static,艮卦-static + 坎卦-static,艮卦-static + 震卦-static,坤卦-dynamic + 艮卦-static,zero age level minimum limit same count maximum,領導(lead) 命令(command) 零(zero) 年齡(age) 衣領(collar)
miŋ,m,iŋ,14,坤卦-dynamic,坤卦-static,中卦-static,坤卦-dynamic,坤卦-dynamic + 中卦-static,坤卦-dynamic + 乾卦-dynamic,moon golden sparrow bright crow turtledove raven wise,鳴叫(chirp) 打鳴(crow) 命令(command) 出名(famous) 透明(transparent) 聰明(clever) 明智(wise) 明亮(bright) 明天(tomorrow) 名稱(name) 明信片(postcard) 命運(fate)
niŋ,n,iŋ,1,艮卦-dynamic,兌卦-dynamic,震卦-dynamic,坤卦-dynamic + 震卦-dynamic,坤卦-dynamic + 兌卦-dynamic,坤卦-dynamic + 艮卦-dynamic,stare mirror face sit stoop blink smile motionless,凝視(stare)
piŋ,p,iŋ,14,震卦-dynamic,艮卦-static,艮卦-dynamic,艮卦-static + 震卦-dynamic,震卦-dynamic,艮卦-dynamic + 震卦-dynamic,ice_cream doughnut pancake ice croissant milkshake pudding apple_pie,病(sick) 病毒(virus) 冰淇淋(ice cream) 冰沙(smoothie) 香檳酒(champagne) 曲奇餅(cookie) 油炸圈餅(doughnut) 餅子(pancake) 疾病(disease) 冰(ice) 冰雹(hail) 冰川(glacier)
pʰiŋ,pʰ,iŋ,12,震卦-static,艮卦-static,坤卦-static,艮卦-static + 震卦-static,艮卦-static + 中卦-static,中卦-static + 震卦-static,apple_pie flat cup bowl cake pot rectangle pudding,平(flat) 平等(equal) 公平(fair) 蘋果(apple) 蘋果派(apple pie) 瓶子(bottle) 平底鍋(pan) 平原(plain) 和平(peace) 屏幕(screen) 乒乓球(table tennis) 平均(average)
tiŋ,t,iŋ,10,艮卦-static,震卦-static,坎卦-static,艮卦-static + 震卦-static,艮卦-static,艮卦-static + 坎卦-static,top tall height tower dome big next one,決定(decide) 穩定(stable) 肯定(certain) 紫丁香(lilac) 布丁(pudding) 頂峰(peak) 屋頂(roof) 圓頂(dome) 園丁(gardener) 頂部(top)
tʰiŋ,tʰ,iŋ,10,坤卦-dynamic,坎卦-static,離卦-dynamic,坤卦-dynamic + 離卦-dynamic,坤卦-dynamic + 離卦-static,坤卦-dynamic + 坎卦-static,living_room dining_room home room house stay relax place,停留(stay) 聽(hear) 聽(listen) 停止(stop) 家庭(family) 蜻蜓(dragonfly) 客廳(living room) 飯廳(dining room) 餐廳(restaurant) 法庭(court)
t͡ɕiŋ,t͡ɕ,iŋ,27,坤卦-dynamic,兌卦-static,坎卦-static,坤卦-dynamic + 兌卦-static,坤卦-dynamic,坤卦-dynamic + 艮卦-static,eye lens optician scanner telescope blink mirror needle,警告(warn) 驚訝(surprised) 精確(precise) 幹凈(clean) 安靜(quiet) 寂靜(silent) 長頸鹿(giraffe) 鯨(whale) 莖(stem) 荊棘(thorn) 眼睛(eye) 神經(nerve)
t͡ɕʰiŋ,t͡ɕʰ,iŋ,17,坤卦-dynamic,兌卦-dynamic,坤卦-static,坤卦-dynamic + 兌卦-dynamic,坤卦-dynamic,坤卦-dynamic + 離卦-dynamic,woman boy mother father child man son person,親吻(kiss) 聘請(employ) 清澈(clear) 輕(light) 情感(emotion) 清白(innocent) 年輕(young) 清醒(sober) 母親(mother) 父親(father) 親戚(relatives) 青蛙(frog)
ɕiŋ,ɕ,iŋ,44,坎卦-static,艮卦-static,艮卦-dynamic,艮卦-dynamic + 坎卦-static,艮卦-static + 艮卦-dynamic,艮卦-static + 坎卦-static,planet moon comet jupiter galaxy pluto venus star,醒(wake up) 旅行(travel) 爬行(crawl) 興奮(excited) 清醒(sober) 海星(starfish) 銀杏(ginkgo) 杏仁(almond) 星星(star) 星星(star) 星期(week) 自行車(bicycle)
iŋ,∅,iŋ,17,艮卦-static,坤卦-dynamic,離卦-dynamic,坤卦-dynamic + 艮卦-static,艮卦-static + 離卦-dynamic,艮卦-static + 艮卦-dynamic,bird frog owl butterfly eagle sparrow dragonfly crow,硬幣(coin) 贏(win) 影響(affect) 硬(hard) 受歡迎(popular) 嬰兒(baby) 鸚鵡(parrot) 貓頭鷹(owl) 鷹(eagle) 蒼蠅(fly) 螢火蟲(firefly) 櫻桃(cherry)
t͡ɕiɑ,t͡ɕ,iɑ,22,震卦-static,兌卦-dynamic,艮卦-dynamic,震卦-static + 兌卦-dynamic,艮卦-dynamic + 震卦-static,震卦-static + 離卦-dynamic,value price lose increase point limit right decrease,駕駛(drive) 加上(add) 增加(increase) 打架(fight) 吵架(quarrel) 加載(load) 假設(assume) 虛假(False) 家庭(family) 甲壳(carapace) 伏特加(vodka) 指甲(fingernail)
ɕiɑ,ɕ,iɑ,15,艮卦-dynamic,震卦-dynamic,艮卦-static,艮卦-dynamic + 兌卦-static,艮卦-static + 艮卦-dynamic,震卦-dynamic + 兌卦-static,down next sink fall sit until end break,吞下(swallow) 落下(fall) 下降(descend) 滴下(drip) 下沈(sink) 下一個(next) 蝦(shrimp) 龍蝦(lobster) 下巴(chin) 下顎(jaw) 下午(afternoon) 夏天(summer)
iɑ,∅,iɑ,10,兌卦-static,坤卦-dynamic,艮卦-static,坤卦-dynamic + 兌卦-static,兌卦-static,坤卦-dynamic,frog crocodile snake shark turtle cormorant dolphin crab,驚訝(surprised) 啞(dumb) 鴨(duck) 烏龜(tortoise) 烏賊(squid) 蚜(aphid) 懸崖(cliff) 亞麻布(linen) 牙醫(dentist) 壓力(pressure)
liɑŋ,l,iɑŋ,13,艮卦-dynamic,兌卦-dynamic,艮卦-static,艮卦-static + 艮卦-dynamic,艮卦-static + 乾卦-dynamic,艮卦-dynamic + 乾卦-dynamic,energy power beam velocity gravity light momentum impulse,原諒(forgive) 測量(measure) 涼(cool) 明亮(bright) 月亮(moon) 力量(power) 數量(amount) 橫梁(beam) 能量(energy) 重量(weight) 向量(vector) 沖量(impulse)
t͡ɕiɑŋ,t͡ɕ,iɑŋ,10,兌卦-dynamic,震卦-dynamic,離卦-dynamic,震卦-dynamic + 離卦-dynamic,震卦-dynamic + 兌卦-dynamic,離卦-dynamic + 兌卦-dynamic,almond soy_sauce hazelnut pear cinnamon butter cheese mustard,講述(tell) 講(speak) 下降(descend) 漿果(berry) 番茄醬(ketchup) 生姜(ginger) 醬(sauce) 醬油(soy sauce) 將來(future) 木匠(carpenter)
t͡ɕʰiɑŋ,t͡ɕʰ,iɑŋ,5,震卦-static,艮卦-static,坎卦-static,艮卦-static + 震卦-static,震卦-static,艮卦-static,gun shoot weapon fight fire wall torch strong,開槍(shoot) 強(strong) 強製(compulsory) 槍(gun) 墻(wall)
ɕiɑŋ,ɕ,iɑŋ,46,兌卦-dynamic,震卦-dynamic,震卦-static,震卦-static + 兌卦-dynamic,震卦-dynamic + 離卦-static,震卦-static + 震卦-dynamic,like just imagine right candle thing picture think,想(think) 好像(seem) 長得像(like) 享受(enjoy) 相信(believe) 想像(imagine) 想像(imagine) 影響(affect) 分享(share) 想念(miss) 香(fragrant) 大象(elephant)
iɑŋ,∅,iɑŋ,17,乾卦-static,坎卦-static,震卦-static,坎卦-static + 乾卦-static,乾卦-static,艮卦-static + 乾卦-static,cabbage almond onion sunflower avocado corn mushroom cashew,養育(rear) 羊(sheep) 羔羊(lamb) 山羊(goat) 楊桃(starfruit) 洋蔥(onion) 洋甘菊(chamomile) 楊樹(aspen) 羊乳酪(feta) 羊角面包(croissant) 癢(itch) 太陽(sun)
liɑʊ,l,iɑʊ,7,巽卦-dynamic,坤卦-static,兌卦-static,坤卦-static + 巽卦-dynamic,巽卦-dynamic + 兌卦-static,巽卦-dynamic + 中卦-static,plastic wax metal soap material hang foam cloth,聊天(chat) 無聊(boring) 飲料(beverage) 材料(material) 塑料(plastic) 鐐銬(shackle) 顏料(paint)
miɑʊ,m,iɑʊ,4,坤卦-dynamic,坤卦-static,坎卦-static,坤卦-dynamic + 坎卦-static,坤卦-static + 坤卦-dynamic,坤卦-static + 坎卦-static,scan scanner copy screen blink check hour printer,掃描(scan) 秒(second) 掃描器(scanner) 寺廟(temple)
niɑʊ,n,iɑʊ,6,坤卦-dynamic,乾卦-static,兌卦-static,坤卦-dynamic,坤卦-dynamic + 乾卦-static,坤卦-dynamic + 兌卦-static,bird frog hummingbird flamingo dragonfly parrot tortoise giraffe,鳥(bird) 蜂鳥(hummingbird) 啄木鳥(woodpecker) 鴕鳥(ostrich) 火烈鳥(flamingo) 尿(urine)
piɑʊ,p,iɑʊ,9,震卦-static,艮卦-static,坤卦-static,震卦-static,艮卦-static + 震卦-static,坤卦-static + 震卦-static,chart second level example table top point first,表哥(cousin) 列表(list) 表格(table) 圖表(chart) 表現(performance) 目標(goal) 標準(standard) 保鏢(bodyguard) 表面(surface)
pʰiɑʊ,pʰ,iɑʊ,3,艮卦-static,離卦-dynamic,坤卦-dynamic,艮卦-static,艮卦-static + 離卦-dynamic,坤卦-dynamic + 艮卦-static,stamp ticket card ladybug postcard coin butterfly gift,瓢蟲(ladybug) 票(ticket) 郵票(stamp)
tʰiɑʊ,tʰ,iɑʊ,7,艮卦-dynamic,震卦-dynamic,兌卦-dynamic,艮卦-dynamic,艮卦-dynamic + 震卦-static,艮卦-dynamic + 震卦-dynamic,jump ball swing dance tennis roll hoop wave,跳(jump) 跳舞(dance) 挑戰(challenge) 枝條(twig) 面條(noodle) 空調(air conditioner) 條紋(stripe)
t͡ɕiɑʊ,t͡ɕ,iɑʊ,27,離卦-static,兌卦-dynamic,坎卦-dynamic,離卦-static + 兌卦-dynamic,坎卦-static + 兌卦-dynamic,坎卦-dynamic + 離卦-static,hear speak symphony listen scream whistle sound trumpet,教(teach) 咀嚼(chew) 吠叫(bark) 嗥叫(howl) 呼叫(call) 尖叫(scream) 鳴叫(chirp) 比較(compare) 驕傲(proud) 香蕉(banana) 酵母(yeast) 胡椒(pepper)
t͡ɕʰiɑʊ,t͡ɕʰ,iɑʊ,7,艮卦-dynamic,離卦-static,坎卦-static,艮卦-dynamic + 離卦-static,艮卦-dynamic + 坎卦-static,震卦-dynamic + 離卦-static,seesaw triangle cube cliff bridge paradox landslide doughnut,貝殼(shell) 巧克力(chocolate) 蹺蹺板(seesaw) 蹺蹺板(seesaw) 巧合(coincidence) 橋(bridge) 地殼(crust)
ɕiɑʊ,ɕ,iɑʊ,24,坤卦-dynamic,艮卦-dynamic,坤卦-static,坤卦-dynamic + 艮卦-dynamic,坤卦-dynamic + 震卦-dynamic,坤卦-dynamic,person day boy plane morning hour short minute,笑(laugh) 微笑(smile) 消失(disappear) 小(small) 矮小(short) 好笑(funny) 膽小(timid) 消極(negative) 小舅子(brother-in-law) 小麥(wheat) 小吃(snack) 小路(path)
iɑʊ,∅,iɑʊ,15,震卦-dynamic,兌卦-dynamic,離卦-dynamic,震卦-dynamic + 離卦-dynamic,坎卦-dynamic + 震卦-dynamic,震卦-static + 兌卦-dynamic,stick take get shake want give need right,咬(bite) 閃耀(shine) 要(want) 搖蕩(swing) 搖動(shake) 舀(scoop) 重要(important) 必要(necessary) 腰果(cashew) 腰(waist) 藥品(medicine) 毒藥(poison)
liɛ,l,iɛ,4,離卦-dynamic,艮卦-dynamic,震卦-dynamic,艮卦-dynamic + 離卦-dynamic,離卦-dynamic,離卦-dynamic + 乾卦-static,leopard zebra cheetah hunt tiger giraffe reptile lion,打獵(hunt) 獵豹(cheetah) 火烈鳥(flamingo) 列表(list)
piɛ,p,iɛ,2,坎卦-static,坎卦-dynamic,震卦-static,坎卦-static,坎卦-static + 坎卦-dynamic,坎卦-static + 中卦-dynamic,gender pin triangle pattern tie bias element pivot,別針(pin) 性別(gender)
tiɛ,t,iɛ,3,坎卦-static,離卦-static,坎卦-dynamic,艮卦-static + 坎卦-static,艮卦-static + 離卦-static,坎卦-static + 坎卦-dynamic,butterfly fold dish egg petal plate yolk triangle,折疊(fold) 蝴蝶(butterfly) 碟子(dish)
tʰiɛ,tʰ,iɛ,3,坎卦-dynamic,離卦-dynamic,巽卦-dynamic,坎卦-dynamic,坎卦-dynamic + 離卦-dynamic,坎卦-dynamic + 巽卦-dynamic,iron paste magnet metal ceramic copper wax tool,粘貼(paste) 铁(iron) 磁鐵(magnet)
t͡ɕiɛ,t͡ɕ,iɛ,33,離卦-dynamic,坎卦-dynamic,艮卦-dynamic,坎卦-static + 離卦-dynamic,艮卦-dynamic + 離卦-dynamic,離卦-dynamic,decide explain shape make meet how arrange understand,接近(approach) 結巴(stutter) 連接(connect) 結束(finish) 凍結(freeze) 結婚(marry) 接受(accept) 借入(borrow) 借出(lend) 解釋(explain) 理解(understand) 節儉(thrifty)
t͡ɕʰiɛ,t͡ɕʰ,iɛ,5,坎卦-dynamic,兌卦-dynamic,離卦-dynamic,坎卦-dynamic,坎卦-dynamic + 兌卦-dynamic,坎卦-dynamic + 離卦-dynamic,tomato eggplant spinach broccoli onion cabbage avocado cauliflower,偷竊(steal) 切割(cut) 番茄(tomato) 番茄醬(ketchup) 茄子(eggplant)
ɕiɛ,ɕ,iɛ,11,兌卦-dynamic,離卦-dynamic,坎卦-dynamic,中卦-dynamic + 兌卦-dynamic,離卦-dynamic + 兌卦-dynamic,艮卦-static + 兌卦-dynamic,find may seem can avoid even use also,寫(write) 攜帶(carry) 威脅(threaten) 泄漏(leak) 斜(slanted) 一些(some) 螃蟹(crab) 蠍(scorpion) 鞋(shoe) 機械(mechanic) 有些(somewhat)
iɛ,∅,iɛ,10,震卦-static,乾卦-static,坎卦-static,震卦-static + 乾卦-static,坎卦-static + 乾卦-static,艮卦-static + 乾卦-static,field source line blood armpit chart where construction_site,葉子(leaf) 血液(blood) 液體(fluid) 腋窩(armpit) 田野(field) 夜晚(night) 頁(page) 農業(agriculture) 行業(industry) 也(also)
liɛn,l,iɛn,14,兌卦-dynamic,艮卦-dynamic,震卦-dynamic,坎卦-static + 兌卦-dynamic,艮卦-dynamic + 兌卦-dynamic,艮卦-dynamic + 坎卦-static,lotus palm palm_tree banyan arm bracelet limb wrist,連接(connect) 憐憫(pity) 訓練(train) 練習(practise) 榴蓮(durian) 蓮花(lotus) 銀蓮花(anemone) 臉(face) 臉頰(cheek) 鏈(chain) 鐮刀(sickle) 窗簾(curtain)
miɛn,m,iɛn,22,艮卦-static,震卦-static,坎卦-static,艮卦-static + 坎卦-static,艮卦-static + 震卦-static,坎卦-static + 震卦-static,outside front top behind inside out bottom around,避免(avoid) 見面(meet) 面團(dough) 面包(bread) 面條(noodle) 羊角面包(croissant) 麵粉(flour) 棉布(cotton) 海綿(sponge) 面紗(veil) 表面(surface) 地面(ground)
niɛn,n,iɛn,9,離卦-dynamic,震卦-dynamic,兌卦-dynamic,艮卦-static + 離卦-dynamic,震卦-static + 兌卦-dynamic,艮卦-static + 兌卦-dynamic,clay year hard first chance scratch pencil stick,粘(stick) 粘貼(paste) 想念(miss) 年輕(young) 年(year) 年齡(age) 黏土(clay) 軟墊(cushion) 紀念碑(monument)
piɛn,p,iɛn,9,震卦-static,震卦-dynamic,艮卦-dynamic,艮卦-dynamic + 震卦-static,震卦-static + 震卦-dynamic,坤卦-dynamic + 震卦-static,right down corner stick back left move edge,改變(change) 編輯(edit) 便宜(cheap) 蝙蝠(bat) 鞭子(whip) 邊緣(edge) 左邊(left) 右邊(right) 旁邊(beside)
pʰiɛn,pʰ,iɛn,9,艮卦-static,震卦-static,兌卦-static,艮卦-static,艮卦-static + 中卦-static,艮卦-static + 兌卦-static,picture photograph image card postcard lens mirror stamp,欺騙(deceive) 卡片(card) 明信片(postcard) 圖片(picture) 照片(photograph) 芯片(chip) 偏愛(preference) 偏見(bias) 鏡片(lens)
tiɛn,t,iɛn,15,坤卦-dynamic,坤卦-static,震卦-static,坤卦-dynamic,坤卦-static + 坤卦-dynamic,坤卦-dynamic + 震卦-static,telephone computer laptop television elevator radio printer hotel,閃電(lightning) 字典(dictionary) 電話(telephone) 電視(television) 電腦(computer) 筆記本電腦(laptop) 古典音樂(classical music) 斑點(spot) 電梯(elevator) 店鋪(shop) 酒店(hotel) 電工(electrician)
tʰiɛn,tʰ,iɛn,20,艮卦-dynamic,坤卦-dynamic,乾卦-dynamic,坤卦-dynamic + 艮卦-dynamic,艮卦-dynamic + 乾卦-dynamic,坤卦-dynamic + 震卦-dynamic,autumn tomorrow summer morning moon october spring today,聊天(chat) 甜(sweet) 天鵝(swan) 天竺葵(geranium) 天空(sky) 田野(field) 天(day) 今天(today) 昨天(yesterday) 明天(tomorrow) 春天(spring) 夏天(summer)
t͡ɕiɛn,t͡ɕ,iɛn,27,震卦-static,坎卦-static,坤卦-dynamic,坤卦-dynamic + 震卦-static,坤卦-dynamic + 坎卦-static,坎卦-static + 震卦-static,living_room office middle room library school center building_block,減少(decrease) 尖叫(scream) 建造(build) 檢查(check) 尖銳(sharp) 健康(healthy) 節儉(thrifty) 健全(sane) 劍蘭(gladiolus) 堅果(nut) 肩膀(shoulder) 箭(arrow)
t͡ɕʰiɛn,t͡ɕʰ,iɛn,13,震卦-dynamic,艮卦-dynamic,艮卦-static,艮卦-dynamic + 震卦-dynamic,艮卦-static + 震卦-dynamic,艮卦-static + 艮卦-dynamic,next back catch end time before chance down,打哈欠(yawn) 欠(owe) 潛水(dive) 簽署(sign) 淺(shallow) 千(thousand) 千足蟲(millipede) 秋千(swing) 錢(money) 向前(forward) 在前面(before) 前面(front)
ɕiɛn,ɕ,iɛn,24,坎卦-dynamic,艮卦-dynamic,坤卦-dynamic,坤卦-dynamic + 坎卦-dynamic,坤卦-static + 艮卦-dynamic,坤卦-static + 坎卦-dynamic,leaf this one thing vine long flower daisy,看見(see) 見面(meet) 鹹(salty) 常見(common) 危險(dangerous) 新鮮(fresh) 空閑(idle) 水仙(daffodil) 仙人掌(cactus) 苔蘚(moss) 胰腺(pancreas) 陷阱(trap)
iɛn,∅,iɛn,21,艮卦-static,中卦-static,巽卦-dynamic,艮卦-static + 中卦-static,艮卦-static,艮卦-static + 巽卦-dynamic,optician paint pencil eye eyebrow eyeglasses brush photograph,眨眼(blink) 嚴格(strict) 嚴肅(serious) 顏色(color) 燕子(barn swallow) 飛燕草(delphinium) 眼睛(eye) 眼皮(eyelid) 眼淚(tear) 鹽(salt) 煙(smoke) 煙囪(chimney)
liɤʊ,l,iɤʊ,13,坎卦-dynamic,兌卦-dynamic,離卦-dynamic,坤卦-dynamic + 坎卦-dynamic,坤卦-dynamic + 離卦-dynamic,坤卦-dynamic + 兌卦-dynamic,july october june autumn sunday break november september,停留(stay) 保留(keep) 留(leave) 流(flow) 六(six) 榴蓮(durian) 石榴(pomegranate) 柳(willow) 周六(saturday) 六月(june) 手榴彈(grenade) 流行音樂(pop music)
niɤʊ,n,iɤʊ,7,乾卦-static,兌卦-dynamic,中卦-static,乾卦-static,兌卦-dynamic + 乾卦-static,震卦-dynamic + 乾卦-static,butter carrot yogurt rice cow milk goat pistachio,奶牛(cow) 犀牛(rhinoceros) 蝸牛(snail) 牛油果(avocado) 牛奶(milk) 牛油(butter) 紐扣(button)
t͡ɕiɤʊ,t͡ɕ,iɤʊ,15,震卦-dynamic,坤卦-static,兌卦-dynamic,震卦-dynamic,坤卦-static + 震卦-dynamic,震卦-dynamic + 兌卦-dynamic,whiskey beer champagne wine vodka tequila drink cocktail,舊(old) 九(nine) 小舅子(brother-in-law) 斑鳩(turtledove) 葡萄酒(wine) 啤酒(beer) 香檳酒(champagne) 威士忌酒(whiskey) 龍舌蘭酒(tequila) 雞尾酒(cocktail) 九月(september) 臼(mortar)
t͡ɕʰiɤʊ,t͡ɕʰ,iɤʊ,16,艮卦-dynamic,震卦-static,震卦-dynamic,艮卦-dynamic + 震卦-static,艮卦-dynamic,艮卦-static + 艮卦-dynamic,tennis volleyball basketball football badminton baseball table_tennis ball,烏龜(tortoise) 海龜(turtle) 繡球(hydrangea) 丘(hill) 秋天(autumn) 氣球(balloon) 秋千(swing) 籃球(basketball) 足球(football) 棒球(baseball) 排球(volleyball) 羽毛球(badminton)
ɕiɤʊ,ɕ,iɤʊ,2,巽卦-dynamic,震卦-dynamic,離卦-dynamic,巽卦-dynamic,巽卦-dynamic + 震卦-dynamic,艮卦-dynamic + 巽卦-dynamic,fix hydrangea peony camellia delphinium tulip flower dahlia,修理(fix) 繡球(hydrangea)
iɤʊ,∅,iɤʊ,25,坤卦-static,乾卦-static,坎卦-static,坤卦-static + 震卦-dynamic,坤卦-static + 乾卦-static,坤卦-static + 坎卦-static,just even not like only but always really,有(have) 擁有(own) 遊(swim) 漫遊(roam) 有趣(interesting) 稀有(rare) 有罪(guilty) 富有(rich) 有能力(able) 所有(whole) 牛油果(avocado) 油(oil)
t͡ɕʰiʊŋ,t͡ɕʰ,iʊŋ,1,中卦-static,坤卦-static,坤卦-dynamic,坤卦-dynamic + 中卦-static,坤卦-static + 中卦-static,中卦-static + 乾卦-static,poor weak bad sad sick deaf dumb pity,貧窮(poor)
ɕiʊŋ,ɕ,iʊŋ,7,艮卦-static,坎卦-static,震卦-static,艮卦-static + 坎卦-static,艮卦-static + 震卦-static,艮卦-static,bear polar_bear panda baby wolf otter boy giraffe,兄弟(brother) 兄弟姐妹(siblings) 熊貓(panda) 熊(bear) 北極熊(polar bear) 胸(breast) 胸(chest)
fu,f,u,41,兌卦-dynamic,離卦-dynamic,艮卦-static,離卦-dynamic + 兌卦-dynamic,兌卦-dynamic,離卦-dynamic,husband wife mother father grandmother person aunt uncle,重復(repeat) 支付(pay) 伏(stoop) 服從(obey) 浮(float) 覆蓋(cover) 輻射(radiate) 浪費(waste) 復印(copy) 復習(review) 服務(serve) 腐爛(rotten)
ku,k,u,16,坎卦-static,震卦-static,離卦-static,坎卦-static + 中卦-dynamic,中卦-dynamic + 震卦-static,坎卦-static + 震卦-static,bone organ marrow rib goat farm kidney barn_swallow,咕噥(mumble) 照顧(take care of) 孤獨(lonely) 蘑菇(mushroom) 骨(bone) 肋骨(rib) 骨骼(skeleton) 骨髓(marrow) 谷物(cereal) 谷(valley) 箍(hoop) 古典音樂(classical music)
kʰu,kʰ,u,5,巽卦-dynamic,艮卦-dynamic,兌卦-dynamic,艮卦-dynamic + 巽卦-dynamic,巽卦-dynamic + 兌卦-dynamic,艮卦-dynamic + 兌卦-dynamic,cry suffer endure scream laugh regret tear hate,哭(cry) 受苦(suffer) 苦(bitter) 車庫(garage) 褲子(pants)
lu,l,u,11,坤卦-dynamic,艮卦-dynamic,艮卦-static,坤卦-dynamic + 艮卦-dynamic,坤卦-dynamic + 艮卦-static,坤卦-dynamic,bird sparrow egret frog oriole swan pelican crow,記錄(record) 長頸鹿(giraffe) 鸕鶿(cormorant) 鷺(egret) 葫蘆(gourd) 蘆葦(reed) 露水(dew) 路(road) 小路(path) 微波爐(microwave) 布魯斯(blues)
mu,m,u,25,坤卦-dynamic,坎卦-static,震卦-static,坤卦-dynamic + 坎卦-static,坤卦-dynamic + 震卦-static,坤卦-dynamic + 離卦-dynamic,parent grandmother mother child grandson grandfather son father,沐浴(bathe) 母親(mother) 父母(parents) 父母(parent) 祖母(grandmother) 嶽母(mother-in-law) 啄木鳥(woodpecker) 牡蠣(oyster) 灌木叢(bush) 牡丹(peony) 酵母(yeast) 拇指(thumb)
nu,n,u,2,乾卦-dynamic,兌卦-dynamic,離卦-dynamic,兌卦-dynamic + 乾卦-dynamic,巽卦-dynamic + 乾卦-dynamic,離卦-dynamic + 乾卦-dynamic,effort angry brave pity help support feedback enough,憤怒(angry) 努力(effort)
pu,p,u,21,艮卦-static,震卦-static,坤卦-static,坤卦-static + 艮卦-static,艮卦-static + 乾卦-static,坤卦-static + 震卦-dynamic,this even not only that still one because,捕捉(catch) 宣布(announce) 不在場(absent) 不是(not) 不(no) 全部(all) 部分(part) 哺乳動物(mammal) 布丁(pudding) 腹部(belly) 瀑布(waterfall) 棉布(cotton)
pʰu,pʰ,u,3,乾卦-static,離卦-dynamic,坤卦-dynamic,乾卦-static,離卦-dynamic,離卦-dynamic + 乾卦-static,shop wine merchant servant store cashier waiter coffee,葡萄酒(wine) 僕人(servant) 店鋪(shop)
su,s,u,8,中卦-static,艮卦-static,震卦-static,艮卦-static + 中卦-static,艮卦-static + 中卦-dynamic,中卦-static + 震卦-static,acceleration speed velocity magnitude collision gravity displacement lightning,嚴肅(serious) 罌粟(poppy) 馬蘇裏拉奶酪(mozzarella) 元素(element) 塑料(plastic) 速率(speed) 速度(velocity) 加速度(acceleration)
tu,t,u,14,坎卦-static,中卦-static,震卦-static,艮卦-dynamic + 中卦-static,中卦-static + 震卦-static,艮卦-static + 中卦-static,velocity width density length frequency distance amplitude peak,讀(read) 嫉妒(jealous) 獨立(independent) 孤獨(lonely) 病毒(virus) 杜鵑(azelea) 肚臍(navel) 毒藥(poison) 長度(length) 寬度(width) 高度(height) 密度(density)
tʰu,tʰ,u,19,震卦-static,坤卦-static,坎卦-static,坤卦-static + 震卦-static,中卦-static + 震卦-static,坤卦-static + 坎卦-static,map picture image paper rectangle paste cube copy,吐(spit) 嘔吐(vomit) 光禿禿(bare) 光禿禿(bare) 兔子(rabbit) 土豆(potato) 泥土(earth) 土地(land) 黏土(clay) 圖片(picture) 地圖(map) 圖表(chart)
t͡su,t͡s,u,9,兌卦-dynamic,離卦-dynamic,坎卦-static,坎卦-static + 兌卦-dynamic,兌卦-dynamic,坎卦-static + 震卦-dynamic,person people child country grandfather grandmother basketball woman,租(rent) 阻礙(obstruct) 足夠(enough) 民族(people) 祖父(grandfather) 祖母(grandmother) 千足蟲(millipede) 足球(football) 種族(race)
t͡sʰu,t͡sʰ,u,3,中卦-static,坤卦-static,中卦-dynamic,中卦-static,坤卦-static + 中卦-static,中卦-static + 震卦-static,thick rough dry wet hard thin smooth brown,粗糙(rough) 粗(thick) 醋(vinegar)
xu,x,u,19,坎卦-dynamic,兌卦-dynamic,坤卦-dynamic,坤卦-dynamic + 坎卦-dynamic,坤卦-dynamic + 兌卦-dynamic,坤卦-dynamic + 離卦-dynamic,parrot frog bird turtle tiger crow firefly snake,呼吸(breathe) 忽略(ignore) 保護(protect) 呼叫(call) 呼喊(shout) 模糊(blurry) 老虎(tiger) 狐貍(fox) 珊瑚(coral) 蝴蝶(butterfly) 葫蘆(gourd) 胡椒(pepper)
ɻu,ɻ,u,8,兌卦-dynamic,離卦-dynamic,坎卦-dynamic,離卦-dynamic + 兌卦-dynamic,兌卦-dynamic,兌卦-dynamic + 乾卦-static,if it be_used_to be do can so that,插入(insert) 借入(borrow) 如何(how) 哺乳動物(mammal) 蠕蟲(worm) 羊乳酪(feta) 如果(if) 如同(as)
ʂu,ʂ,u,45,震卦-static,離卦-dynamic,巽卦-static,震卦-static,震卦-static + 離卦-dynamic,巽卦-static + 震卦-static,mulberry_tree tree sycamore pine palm_tree birch oak twig,講述(tell) 數(count) 結束(finish) 熟(cooked) 輸(lose) 簽署(sign) 約束(restrain) 稀疏(sparse) 熟悉(familiar) 叔叔(uncle) 叔叔(uncle) 老鼠(mouse)
ʈ͡ʂu,ʈ͡ʂ,u,26,離卦-dynamic,震卦-static,坎卦-static,震卦-static + 離卦-dynamic,離卦-dynamic,坎卦-static + 離卦-dynamic,teacher consultant architect professor assistant company plant manager,幫助(help) 記住(remember) 註意(notice) 煮沸(boil) 專註(focus) 資助(fund) 豬(pig) 蜘蛛(spider) 山竹(mangosteen) 竹子(bamboo) 天竺葵(geranium) 金屬(metal)
ʈ͡ʂʰu,ʈ͡ʂʰ,u,17,離卦-dynamic,坎卦-dynamic,兌卦-dynamic,坎卦-dynamic + 離卦-dynamic,坤卦-static + 離卦-dynamic,離卦-dynamic,choose store remove find add cook manage handle,出(exit) 觸摸(touch) 去除(remove) 儲存(store) 溢出(spill) 處理(handle) 借出(lend) 刪除(delete) 出席(attend) 出名(famous) 杵(pestle) 廚房(kitchen)
u,∅,u,40,坤卦-dynamic,坤卦-static,艮卦-dynamic,坤卦-dynamic,坤卦-static + 坤卦-dynamic,坤卦-dynamic + 艮卦-dynamic,meal eat monkey thing food living_room whole breakfast,跳舞(dance) 服務(serve) 惡心(disgusted) 無聊(boring) 錯誤(wrong) 五(five) 十五(fifteen) 事物(thing) 動物(animal) 寵物(pet) 動物園(zoo) 哺乳動物(mammal)
kuan,k,uan,20,離卦-dynamic,坎卦-static,坎卦-dynamic,坎卦-static + 離卦-dynamic,離卦-dynamic + 兌卦-static,坎卦-static + 兌卦-dynamic,dentist pipe lawyer teacher plumber architect professor accountant,習慣(be used to) 關閉(close) 管理(manage) 灌溉(irrigate) 鰥夫(widower) 灌木叢(bush) 血管(vein) 關節(joints) 薩克斯管(saxophone) 管風琴(organ) 王冠(crown) 管道(pipe)
kʰuan,kʰ,uan,3,艮卦-static,震卦-static,中卦-static,艮卦-static + 中卦-static,中卦-static + 震卦-static,艮卦-static + 巽卦-static,wide width narrow flat maximum height lenient minimum,寬松(lenient) 寬(wide) 寬度(width)
luan,l,uan,1,乾卦-dynamic,中卦-dynamic,乾卦-static,艮卦-dynamic + 乾卦-dynamic,乾卦-dynamic,中卦-dynamic + 乾卦-dynamic,chaos chaotic conflict bustle fear magic storm paradox,混亂(chaos)
suan,s,uan,4,中卦-dynamic,兌卦-dynamic,乾卦-static,中卦-dynamic + 兌卦-dynamic,中卦-dynamic + 震卦-dynamic,中卦-static + 兌卦-dynamic,yogurt butter soy_sauce onion spinach pineapple feta celery,計算(calculate) 酸(sour) 大蒜(garlic) 酸奶(yogurt)
tuan,t,uan,5,艮卦-dynamic,震卦-dynamic,中卦-static,艮卦-dynamic + 中卦-static,艮卦-dynamic + 中卦-dynamic,艮卦-dynamic,short skirt length sock exercise stretch long phase,短(short) 短裙(skirt) 短襪(sock) 鍛煉(exercise) 階段(phase)
tʰuan,tʰ,uan,3,坎卦-static,震卦-static,離卦-dynamic,坎卦-static + 震卦-static,坎卦-static + 離卦-dynamic,中卦-dynamic + 震卦-static,team group base dough student camp join host,面團(dough) 團隊(team) 團體(group)
t͡suan,t͡s,uan,1,中卦-dynamic,離卦-static,艮卦-static,中卦-dynamic + 離卦-static,艮卦-static + 中卦-dynamic,中卦-dynamic,diamond gold silver jewel ring jade copper chip,鉆石(diamond)
xuan,x,uan,6,離卦-static,坎卦-static,中卦-dynamic,中卦-dynamic + 離卦-static,坎卦-static + 中卦-dynamic,坎卦-static + 離卦-static,like loop popular really waterfall magnet part volcano,喜歡(like) 受歡迎(popular) 耳環(earring) 環境(environment) 環(loop) 環形山(crater)
ɻuan,ɻ,uan,2,震卦-static,巽卦-static,坤卦-dynamic,巽卦-static + 震卦-static,坤卦-dynamic + 震卦-static,震卦-static + 乾卦-dynamic,cushion soft pillow foam warm rubber velvet flat,軟(soft) 軟墊(cushion)
ʈ͡ʂuan,ʈ͡ʂ,uan,6,離卦-dynamic,兌卦-dynamic,震卦-dynamic,坎卦-dynamic + 震卦-dynamic,震卦-dynamic + 離卦-dynamic,震卦-static + 兌卦-dynamic,turn get out take make create down bring,轉(turn) 專註(focus) 傳播(spread) 賺取(earn) 旋轉木馬(merry-go-round) 磚(brick)
ʈ͡ʂʰuan,ʈ͡ʂʰ,uan,5,艮卦-static,震卦-dynamic,兌卦-dynamic,艮卦-static + 震卦-dynamic,艮卦-static + 艮卦-dynamic,艮卦-static + 兌卦-dynamic,ship boat sea glacier coast swim dive whale,穿(wear) 穿透(penetrate) 冰川(glacier) 小船(boat) 大船(ship)
uan,∅,uan,18,艮卦-dynamic,坤卦-dynamic,坤卦-static,坤卦-dynamic + 艮卦-dynamic,坤卦-static + 艮卦-dynamic,艮卦-dynamic + 中卦-dynamic,round first second next minute perfect last time,玩(play) 彎曲(bend) 彎曲(curved) 完整(complete) 一貫(consistent) 晚(late) 完美(perfect) 萬(ten thousand) 百萬(million) 豌豆(pea) 萬壽菊(marigold) 晚餐(dinner)
kuaɪ,k,uaɪ,2,乾卦-static,中卦-dynamic,巽卦-static,中卦-dynamic + 乾卦-static,巽卦-static + 中卦-dynamic,巽卦-static + 乾卦-static,monster strange ghost odd crazy snake centipede dwarf,奇怪(strange) 怪物(monster)
kʰuaɪ,kʰ,uaɪ,3,艮卦-dynamic,坤卦-dynamic,坤卦-static,坤卦-dynamic + 震卦-dynamic,坤卦-static + 震卦-dynamic,坤卦-static + 艮卦-dynamic,hurry fast wait slow get hard difficult enough,趕快(hurry) 快(fast) 塊(lump)
xuaɪ,x,uaɪ,4,震卦-dynamic,兌卦-static,巽卦-static,震卦-dynamic + 兌卦-static,巽卦-static + 震卦-dynamic,震卦-dynamic,ankle knee pregnant leg hurt pain doubt doctor,懷疑(doubt) 懷孕(pregnant) 槐樹(locust tree) 腳踝(ankle)
ʂuaɪ,ʂ,uaɪ,1,震卦-static,坤卦-dynamic,震卦-dynamic,坤卦-dynamic + 震卦-static,震卦-static,震卦-static + 乾卦-dynamic,cricket badminton football tennis practise sport game ball,蟋蟀(cricket)
uaɪ,∅,uaɪ,5,坎卦-static,艮卦-static,坤卦-static,艮卦-static + 坎卦-static,坤卦-static + 坎卦-static,坎卦-static,outside out own inside cousin from one coat,外國(foreign) 外甥(nephew) 外套(coat) 向外(out) 外面(outside)
kueɪ,k,ueɪ,8,艮卦-dynamic,震卦-dynamic,中卦-static,艮卦-dynamic,艮卦-dynamic + 震卦-dynamic,艮卦-dynamic + 中卦-static,king devil cinnamon magic prince velvet shadow chocolate,跪(kneel) 昂貴(expensive) 玫瑰(rose) 肉桂(cinnamon) 衣櫃(wardrobe) 規則(rule) 魔鬼(devil) 鬼(ghost)
kʰueɪ,kʰ,ueɪ,3,巽卦-static,乾卦-static,坎卦-static,巽卦-static,巽卦-static + 乾卦-static,坎卦-static + 巽卦-static,geranium marigold sunflower hyacinth orchid daffodil camellia delphinium,海葵(sea anemone) 天竺葵(geranium) 向日葵(sunflower)
sueɪ,s,ueɪ,6,中卦-dynamic,中卦-static,坎卦-dynamic,艮卦-dynamic + 中卦-dynamic,坎卦-dynamic + 中卦-dynamic,中卦-dynamic,random usually follow different evening scan interesting type,跟隨(follow) 隨機(random) 隨意(casual) 骨髓(marrow) 隧道(tunnel) 雖然(although)
tueɪ,t,ueɪ,2,中卦-dynamic,坤卦-static,艮卦-dynamic,艮卦-dynamic + 中卦-dynamic,中卦-dynamic + 震卦-static,坤卦-static + 艮卦-dynamic,pile pair two three bag four throw six,堆積(pile) 一對(pair)
tʰueɪ,tʰ,ueɪ,4,震卦-static,震卦-dynamic,艮卦-dynamic,震卦-static + 震卦-dynamic,艮卦-dynamic + 震卦-static,震卦-static,leg heel thigh knee arm toe foot ankle,推(push) 腿(leg) 大腿(thigh) 手推車(cart)
t͡sueɪ,t͡s,ueɪ,10,坤卦-dynamic,坤卦-static,兌卦-static,坤卦-dynamic + 兌卦-static,坤卦-dynamic + 艮卦-static,坤卦-dynamic + 乾卦-static,least last time half only month first minimum,有罪(guilty) 醉(drunk) 最多(most) 最少(least) 最後(last) 嘴(mouth) 最大(maximum) 最小(minimum) 最近(recently) 最後(finally)
t͡sʰueɪ,t͡sʰ,ueɪ,1,艮卦-static,離卦-static,坎卦-static,艮卦-static + 中卦-static,中卦-static + 離卦-static,艮卦-static + 離卦-static,crust dough pancake apple_pie cheese cheesecake layer melt,脆皮(crust)
xueɪ,x,ueɪ,14,艮卦-dynamic,巽卦-dynamic,坤卦-static,坤卦-static + 艮卦-dynamic,坤卦-dynamic + 巽卦-dynamic,坤卦-static + 巽卦-dynamic,ruin regret dream chance wedding church return shadow,返回(return) 破壞(ruin) 壞(bad) 灰色(gray) 灰塵(dust) 灰(ash) 音樂會(concert) 後悔(regret) 機會(chance) 社會(society) 回廊(cloister) 教會(church)
ɻueɪ,ɻ,ueɪ,1,乾卦-dynamic,中卦-static,中卦-dynamic,中卦-static + 乾卦-dynamic,中卦-dynamic + 乾卦-dynamic,艮卦-static + 乾卦-dynamic,sharp blunt precise razor knife rough stab bright,尖銳(sharp)
ʂueɪ,ʂ,ueɪ,17,巽卦-dynamic,艮卦-static,兌卦-dynamic,艮卦-static + 巽卦-dynamic,坤卦-static + 巽卦-dynamic,巽卦-dynamic + 震卦-static,water spill drip drain pool flood tap pour,稅(tax) 睡(sleep) 潛水(dive) 排水(drain) 誰(who) 水果(fruit) 水仙(daffodil) 汗水(sweat) 水(water) 露水(dew) 洪水(flood) 水池(pool)
ʈ͡ʂueɪ,ʈ͡ʂ,ueɪ,4,坎卦-static,乾卦-dynamic,離卦-dynamic,艮卦-static + 乾卦-dynamic,離卦-dynamic + 乾卦-dynamic,震卦-static + 乾卦-dynamic,army team firefighter orchestra soldier teacher actor student,樂隊(orchestra) 團隊(team) 軍隊(army) 消防隊員(firefighter)
ʈ͡ʂʰueɪ,ʈ͡ʂʰ,ueɪ,3,艮卦-dynamic,坎卦-dynamic,兌卦-dynamic,艮卦-dynamic + 坎卦-dynamic,艮卦-dynamic,艮卦-dynamic + 兌卦-dynamic,hammer blow axe steel spindle bend metal swing,吹(blow) 錘子(hammer) 紡錘(spindle)
ueɪ,∅,ueɪ,23,坎卦-dynamic,坎卦-static,艮卦-dynamic,坎卦-static + 坎卦-dynamic,艮卦-dynamic + 坎卦-static,艮卦-static + 坎卦-dynamic,fly affect plane thing mushroom around close catch,成為(become) 微笑(smile) 威脅(threaten) 餵食(feed) 危險(dangerous) 為什麽(why) 刺猬(hedgehog) 微生物(germ) 鳶尾(iris) 蘆葦(reed) 威士忌酒(whiskey) 雞尾酒(cocktail)
kuɑ,k,uɑ,6,兌卦-dynamic,離卦-dynamic,坎卦-dynamic,兌卦-dynamic,離卦-dynamic + 兌卦-dynamic,巽卦-static + 兌卦-dynamic,melon watermelon pineapple tomato cucumber pumpkin mango pear,掛(hang) 寡婦(widow) 瓜(melon) 西瓜(watermelon) 黃瓜(cucumber) 南瓜(pumpkin)
kʰuɑ,kʰ,uɑ,1,艮卦-static,兌卦-dynamic,乾卦-static,艮卦-static + 乾卦-static,兌卦-dynamic + 乾卦-static,震卦-dynamic + 乾卦-static,boast wide praise abundant dare attract reap feature,自誇(boast)
xuɑ,x,uɑ,27,坎卦-dynamic,離卦-dynamic,坎卦-static,坎卦-dynamic + 巽卦-static,坎卦-dynamic,巽卦-static + 離卦-dynamic,flower peony orchid lily sunflower camellia hydrangea daffodil,畫(draw) 融化(melt) 滑動(slide) 計劃(plan) 滑(smooth) 畫眉(song thrush) 無花果(fig) 西蘭花(broccoli) 菜花(cauliflower) 花(flower) 花瓣(petal) 蓮花(lotus)
ʂuɑ,ʂ,uɑ,1,巽卦-dynamic,坎卦-dynamic,艮卦-static,巽卦-dynamic + 中卦-static,艮卦-static + 巽卦-dynamic,巽卦-dynamic,brush comb rub paint fingernail stick wipe wash,刷子(brush)
ʈ͡ʂuɑ,ʈ͡ʂ,uɑ,1,巽卦-dynamic,離卦-dynamic,坤卦-static,坤卦-static + 巽卦-dynamic,巽卦-dynamic,巽卦-dynamic + 離卦-dynamic,scratch fingernail wipe paste chip roll itch tear,抓(scratch)
uɑ,∅,uɑ,5,艮卦-dynamic,離卦-dynamic,離卦-static,艮卦-dynamic + 離卦-dynamic,艮卦-dynamic + 離卦-static,離卦-static + 離卦-dynamic,doll toy sock frog puppet giraffe pillow cat,挖掘(dig) 青蛙(frog) 玩具娃娃(doll) 玩具娃娃(doll) 短襪(sock)
kuɑŋ,k,uɑŋ,4,坤卦-dynamic,艮卦-static,坤卦-static,坤卦-dynamic + 艮卦-static,坤卦-dynamic + 震卦-static,坤卦-static + 艮卦-static,light flash screen bright bare skin ray face,光禿禿(bare) 膀胱(bladder) 光(light) 閃光(flash)
kʰuɑŋ,kʰ,uɑŋ,4,兌卦-static,坤卦-static,震卦-static,中卦-dynamic + 震卦-static,中卦-dynamic + 兌卦-static,震卦-static + 兌卦-static,case mine thing this just idea exactly story,瘋狂(crazy) 礦(mine) 框架(frame) 具體情況(case)
xuɑŋ,x,uɑŋ,6,坤卦-dynamic,坎卦-static,巽卦-static,坤卦-dynamic + 艮卦-static,坤卦-dynamic,坤卦-dynamic + 坎卦-static,oriole dusk yellow egg_white yolk marigold peach daffodil,撒謊(lie) 黃色(yellow) 黃鸝(oriole) 黃瓜(cucumber) 蛋黃(yolk) 黃昏(dusk)
ʂuɑŋ,ʂ,uɑŋ,3,艮卦-static,中卦-dynamic,震卦-dynamic,艮卦-static + 中卦-dynamic,中卦-dynamic + 震卦-dynamic,艮卦-static + 震卦-dynamic,double twins frost second two queen three four,雙(double) 雙胞胎(twins) 霜(frost)
ʈ͡ʂuɑŋ,ʈ͡ʂ,uɑŋ,7,艮卦-dynamic,艮卦-static,離卦-dynamic,艮卦-static + 艮卦-dynamic,艮卦-dynamic + 離卦-static,艮卦-dynamic + 坎卦-static,shape ornament decorate design photograph monument structure bridge,裝飾(decorate) 樹樁(stump) 裝飾(ornament) 套裝(suit) 村莊(village) 形狀(shape) 碰撞(collision)
ʈ͡ʂʰuɑŋ,ʈ͡ʂʰ,uɑŋ,7,震卦-static,艮卦-static,坤卦-dynamic,坤卦-dynamic + 震卦-static,艮卦-dynamic + 震卦-static,巽卦-static + 震卦-static,bed_sheet bed floor bedroom room curtain window balcony,創造(create) 窗戶(window) 窗簾(curtain) 蹦床(trampoline) 床(bed) 床單(bed sheet) 谷倉(barn)
uɑŋ,∅,uɑŋ,14,艮卦-dynamic,坎卦-static,離卦-static,艮卦-dynamic + 坎卦-static,艮卦-dynamic + 離卦-static,艮卦-dynamic,pluto neptune prince venus saturn princess queen uranus,忘記(forget) 希望(hope) 網(net) 網絡(network) 王冠(crown) 網球(tennis) 網格(grid) 王(king) 女王(queen) 王子(prince) 望遠鏡(telescope) 天王星(uranus)
kuɔ,k,uɔ,25,坎卦-dynamic,艮卦-static,震卦-dynamic,艮卦-static + 坎卦-dynamic,坎卦-dynamic + 震卦-dynamic,艮卦-static + 震卦-dynamic,apple almond mango pear apple_pie fruit hazelnut peach,通過(pass) 包裹(wrap) 過濾(filter) 錯過(miss) 外國(foreign) 水果(fruit) 漿果(berry) 蘋果(apple) 牛油果(avocado) 芒果(mango) 火龍果(dragon fruit) 無花果(fig)
kʰuɔ,kʰ,uɔ,2,離卦-dynamic,坎卦-dynamic,兌卦-dynamic,離卦-dynamic,坎卦-dynamic + 離卦-dynamic,艮卦-static + 離卦-dynamic,expand include develop create allow add feature continue,包括(include) 擴張(expand)
luɔ,l,uɔ,10,坎卦-static,艮卦-dynamic,乾卦-static,艮卦-dynamic + 乾卦-static,艮卦-dynamic + 坎卦-static,坎卦-static + 乾卦-static,mango carrot banana pineapple cucumber palm_tree tomato watermelon,落下(fall) 裸體(naked) 駱駝(camel) 海螺(conch) 菠蘿(pineapple) 蘿蔔(carrot) 羅勒(basil) 羅盤(compass) 網絡(network) 角落(corner)
muɔ,m,uɔ,20,中卦-static,中卦-dynamic,坎卦-static,中卦-static,中卦-static + 中卦-dynamic,艮卦-static + 中卦-static,powder magic mushroom diamond devil cream dust almond,觸摸(touch) 摩擦(rub) 磨(grind) 模糊(blurry) 陌生(strange) 芥末(mustard) 蘑菇(mushroom) 茉莉花(jasmine) 粉末(powder) 虹膜(iris) 泡沫(foam) 沙漠(desert)
nuɔ,n,uɔ,1,震卦-dynamic,離卦-dynamic,兌卦-dynamic,巽卦-dynamic + 震卦-dynamic,震卦-dynamic,震卦-dynamic + 離卦-dynamic,promise hope wait future give tomorrow advance goodbye,承諾(promise)
puɔ,p,uɔ,10,坎卦-dynamic,艮卦-static,兌卦-dynamic,坎卦-dynamic,艮卦-static + 坎卦-dynamic,坎卦-dynamic + 兌卦-dynamic,tomato avocado broccoli cabbage potato onion spinach carrot,傳播(spread) 剝離(peel) 播種(sow) 菠蘿(pineapple) 菠菜(spinach) 蘿蔔(carrot) 脖子(neck) 玻璃(glass) 簸箕(dustpan) 微波爐(microwave)
pʰuɔ,pʰ,uɔ,4,艮卦-dynamic,巽卦-dynamic,坎卦-dynamic,艮卦-dynamic + 巽卦-dynamic,艮卦-dynamic + 兌卦-static,艮卦-dynamic + 坎卦-static,ruin break broken fix die forever forgive fate,打破(break) 破壞(ruin) 破(broken) 公婆(parents-in-law)
suɔ,s,uɔ,8,艮卦-dynamic,震卦-dynamic,坎卦-dynamic,坎卦-static + 震卦-dynamic,坎卦-dynamic + 震卦-dynamic,艮卦-dynamic + 坎卦-static,pull detach where rope to according_to wrap place,收縮(shrink) 探索(explore) 所有(whole) 繩索(rope) 梭子(shuttle) 托兒所(nursery) 鎖(lock) 所以(so)
tuɔ,t,uɔ,10,乾卦-static,中卦-dynamic,坤卦-static,中卦-dynamic + 乾卦-static,艮卦-static + 中卦-dynamic,坤卦-dynamic + 中卦-dynamic,how_many many how_much most more how even very,掌舵(steer) 懶惰(lazy) 多少(how many) 多少(how much) 許多(many) 更多(more) 最多(most) 掠奪(raven) 耳朵(ear) 雲朵(cloud)
tʰuɔ,tʰ,uɔ,4,乾卦-static,震卦-static,巽卦-static,震卦-static + 乾卦-static,乾卦-static,震卦-static,giraffe elephant donkey ostrich cow camel rabbit pig,駱駝(camel) 鴕鳥(ostrich) 托盤(tray) 托兒所(nursery)
t͡suɔ,t͡s,uɔ,9,離卦-dynamic,震卦-dynamic,兌卦-dynamic,坤卦-static + 震卦-dynamic,坤卦-static + 離卦-dynamic,坤卦-dynamic + 離卦-dynamic,work get then sit out make put take,做(do) 製作(make) 坐(sit) 做飯(cook) 工作(work) 昨天(yesterday) 工作(job) 向左(left) 左邊(left)
t͡sʰuɔ,t͡sʰ,uɔ,3,震卦-dynamic,艮卦-dynamic,兌卦-static,震卦-dynamic + 兌卦-static,艮卦-dynamic + 兌卦-static,坤卦-dynamic + 震卦-dynamic,wrong miss illusion what why thing regret just,錯過(miss) 錯誤(wrong) 錯覺(illusion)
xuɔ,x,uɔ,16,兌卦-dynamic,震卦-dynamic,坤卦-dynamic,坤卦-dynamic + 兌卦-dynamic,坤卦-dynamic + 震卦-dynamic,兌卦-dynamic,moon planet torch firefly train plane sky meteor,活(live) 收獲(reap) 活(alive) 火烈鳥(flamingo) 螢火蟲(firefly) 火龍果(dragon fruit) 生活(life) 火(fire) 火山(volcano) 火車(train) 火炬(torch) 貨車司機(lorry driver)
ɻuɔ,ɻ,uɔ,1,坤卦-dynamic,巽卦-static,坤卦-static,坤卦-dynamic + 巽卦-static,坤卦-dynamic + 震卦-static,坤卦-dynamic,weak bad stable strong poor dumb slow soft,弱(weak)
ʂuɔ,ʂ,uɔ,1,兌卦-dynamic,震卦-dynamic,艮卦-dynamic,中卦-static + 兌卦-dynamic,兌卦-dynamic,震卦-dynamic + 兌卦-dynamic,say know tell think argue guess believe why,說(say)
ʈ͡ʂuɔ,ʈ͡ʂ,uɔ,5,坤卦-dynamic,艮卦-dynamic,兌卦-static,坤卦-dynamic + 艮卦-dynamic,艮卦-dynamic + 兌卦-static,坤卦-dynamic + 兌卦-static,dragonfly flamingo catch arrow draw bird frog spot,捕捉(catch) 渾濁(turbid) 啄木鳥(woodpecker) 桌子(table) 手鐲(bracelet)
uɔ,∅,uɔ,7,乾卦-static,坤卦-dynamic,艮卦-dynamic,乾卦-static,艮卦-dynamic + 乾卦-static,坤卦-dynamic + 乾卦-static,I it we so go if do millipede,我(I) 我們(we) 蝸牛(snail) 萵苣(lettuce) 腋窩(armpit) 漩渦(whirlpool) 臥室(bedroom)
kuən,k,uən,3,艮卦-dynamic,震卦-dynamic,兌卦-dynamic,艮卦-dynamic + 震卦-static,艮卦-dynamic + 巽卦-dynamic,艮卦-dynamic,roll stick rock shake break rubber grind bend,滾動(roll) 棍子(stick) 搖滾(rock)
kʰuən,kʰ,uən,2,坤卦-dynamic,乾卦-dynamic,巽卦-static,坤卦-dynamic,坤卦-dynamic + 乾卦-static,坤卦-dynamic + 乾卦-dynamic,insect sleepy mosquito cicada caterpillar millipede worm bee,困(sleepy) 昆蟲(insect)
luən,l,uən,5,艮卦-dynamic,震卦-dynamic,震卦-static,艮卦-dynamic + 震卦-dynamic,艮卦-dynamic,中卦-dynamic + 震卦-dynamic,theory paradox wheel myth what gravity tire problem,討論(discuss) 車輪(wheel) 輪胎(tire) 理論(theory) 悖論(paradox)
tuən,t,uən,4,震卦-static,艮卦-static,兌卦-static,中卦-static + 震卦-static,震卦-static + 兌卦-static,震卦-static,blunt stab axe spear knife weapon grenade sword,蹲(squat) 燉(stew) 鈍(blunt) 盾(shield)
tʰuən,tʰ,uən,3,兌卦-dynamic,艮卦-dynamic,離卦-dynamic,兌卦-static + 兌卦-dynamic,艮卦-dynamic + 兌卦-static,艮卦-dynamic + 兌卦-dynamic,dolphin swallow whale shark flamingo clam frog parrot,吞下(swallow) 海豚(dolphin) 臀(hip)
t͡suən,t͡s,uən,1,震卦-static,離卦-static,艮卦-static,震卦-static + 離卦-static,震卦-static + 兌卦-dynamic,震卦-static + 離卦-dynamic,respect equal value responsibility owe meaning praise preference,尊重(respect)
t͡sʰuən,t͡sʰ,uən,2,坎卦-static,乾卦-static,離卦-static,坎卦-static + 乾卦-static,坎卦-static,坎卦-static + 離卦-static,village store town shop city station hotel house,儲存(store) 村莊(village)
xuən,x,uən,7,艮卦-dynamic,乾卦-dynamic,中卦-dynamic,艮卦-dynamic + 乾卦-dynamic,艮卦-dynamic + 中卦-dynamic,巽卦-dynamic + 乾卦-dynamic,wedding divorce marry chaos chaotic phase blues tumultuous,結婚(marry) 婚禮(wedding) 離婚(divorce) 混合(mix) 渾濁(turbid) 混亂(chaos) 黃昏(dusk)
ʂuən,ʂ,uən,2,艮卦-dynamic,中卦-dynamic,坎卦-dynamic,艮卦-dynamic + 中卦-dynamic,中卦-dynamic + 兌卦-dynamic,巽卦-dynamic + 中卦-dynamic,sequence suck swallow repeat hell slide compare spit,吮吸(suck) 順序(sequence)
ʈ͡ʂuən,ʈ͡ʂ,uən,3,震卦-dynamic,離卦-dynamic,兌卦-dynamic,坤卦-dynamic + 震卦-dynamic,坤卦-dynamic + 離卦-dynamic,坤卦-static + 震卦-dynamic,ready prepare complete order serve advance necessary provide,準備(prepare) 準備好(ready) 標準(standard)
ʈ͡ʂʰuən,ʈ͡ʂʰ,uən,3,兌卦-static,艮卦-static,艮卦-dynamic,艮卦-dynamic + 兌卦-static,兌卦-static,艮卦-static + 兌卦-static,lip spring stupid drip stem petal cool sad,愚蠢(stupid) 唇(lip) 春天(spring)
uən,∅,uən,12,坤卦-dynamic,坎卦-dynamic,震卦-static,坤卦-dynamic + 坎卦-dynamic,坤卦-dynamic + 巽卦-dynamic,坤卦-dynamic + 離卦-dynamic,smell matter thing call touch word language name,聞(smell) 問(ask) 親吻(kiss) 溫(warm) 穩定(stable) 蚊子(mosquito) 文件(file) 條紋(stripe) 問題(problem) 文學(literature) 文化(culture) 顧問(consultant)
ly,l,y,12,坤卦-dynamic,震卦-static,坎卦-static,坤卦-dynamic + 震卦-static,坤卦-dynamic + 坎卦-dynamic,坤卦-dynamic + 坎卦-static,word language speed rhythm direction frequency path melody,考慮(consider) 旅行(travel) 過濾(filter) 綠色(green) 驢(donkey) 棕櫚樹(palm tree) 旋律(melody) 韻律(rhythm) 法律(law) 律師(lawyer) 頻率(frequency) 速率(speed)
ny,n,y,9,巽卦-static,離卦-dynamic,坎卦-static,巽卦-static,巽卦-static + 離卦-dynamic,坎卦-static + 巽卦-static,daughter niece sister nephew granddaughter stepdaughter aunt mother,女人(woman) 女孩(girl) 女兒(daughter) 孫女(granddaughter) 女婿(son-in-law) 繼女(stepdaughter) 侄女(niece) 仙女(fairy) 女王(queen)
t͡ɕy,t͡ɕ,y,44,震卦-dynamic,艮卦-dynamic,震卦-static,坎卦-static + 震卦-dynamic,震卦-static + 震卦-dynamic,艮卦-dynamic + 震卦-static,train_driver bus_driver bus lorry_driver bicycle train car wheel,舉(lift) 咀嚼(chew) 拒絕(refuse) 橘子(orange) 萵苣(lettuce) 雛菊(daisy) 雛菊(daisy) 菊花(chrysanthemum) 萬壽菊(marigold) 洋甘菊(chamomile) 山毛櫸(beech) 颶風(hurricane)
t͡ɕʰy,t͡ɕʰ,y,11,艮卦-dynamic,震卦-dynamic,離卦-dynamic,震卦-dynamic + 離卦-dynamic,艮卦-dynamic + 離卦-dynamic,艮卦-dynamic + 震卦-dynamic,take make get decide want try choose merry_go_round,去(go) 拿取(take) 失去(lose) 去除(remove) 彎曲(bend) 賺取(earn) 彎曲(curved) 有趣(interesting) 曲奇餅(cookie) 過去(past) 區(district)
ɕy,ɕ,y,14,離卦-dynamic,兌卦-dynamic,震卦-dynamic,離卦-dynamic,震卦-dynamic + 離卦-dynamic,離卦-dynamic + 兌卦-dynamic,make need choose can want must decide take,繼續(continue) 需(need) 允許(allow) 虛假(False) 許多(many) 女婿(son-in-law) 胡須(beard) 程序(program) 体恤衫(T-shirt) 順序(sequence) 秩序(order) 程序員(programmer)
y,∅,y,33,坤卦-dynamic,艮卦-static,兌卦-dynamic,坤卦-dynamic + 艮卦-static,坤卦-dynamic + 兌卦-dynamic,坤卦-dynamic,frog sea_anemone snake parrot bird dolphin cormorant whale,沐浴(bathe) 淋浴(shower) 低語(whisper) 養育(rear) 汙染(pollute) 預測(predict) 愚蠢(stupid) 禁欲(ascetic) 鱷魚(crocodile) 魚(fish) 鯊魚(shark) 章魚(octopus)
t͡ɕyn,t͡ɕ,yn,3,乾卦-static,坤卦-static,坎卦-static,艮卦-static + 乾卦-static,乾卦-static,中卦-static + 乾卦-static,population average bacteria soldier army ant student small,細菌(bacteria) 平均(average) 軍隊(army)
t͡ɕʰyn,t͡ɕʰ,yn,3,艮卦-dynamic,艮卦-static,中卦-static,艮卦-dynamic + 中卦-static,艮卦-static + 中卦-static,坎卦-dynamic + 中卦-static,dress skirt shirt veil sweater pants waist wear,人群(crowd) 裙子(dress) 短裙(skirt)
ɕyn,ɕ,yn,5,離卦-dynamic,震卦-dynamic,兌卦-dynamic,震卦-dynamic + 離卦-dynamic,離卦-dynamic,震卦-dynamic,grandson granddaughter daughter niece nephew grandmother sister-in-law sister,尋找(look for) 訓練(train) 孫子(grandson) 孫女(granddaughter) 薰衣草(lavender)
yn,∅,yn,11,艮卦-dynamic,震卦-dynamic,坤卦-dynamic,坤卦-dynamic + 艮卦-dynamic,坤卦-dynamic + 震卦-dynamic,艮卦-dynamic,dream plane race gravity luck rhythm fog brain,允許(allow) 暈眩(dizzy) 懷孕(pregnant) 雲朵(cloud) 運輸(transportation) 韻律(rhythm) 韻(rhyme) 運動(sport) 運氣(luck) 命運(fate) 星雲(nebula)
lyœ,l,yœ,2,艮卦-dynamic,兌卦-dynamic,坤卦-dynamic,坤卦-dynamic + 艮卦-dynamic,艮卦-dynamic + 巽卦-static,艮卦-dynamic + 中卦-static,raven ignore wolf crow fox parrot shadow hide,忽略(ignore) 掠奪(raven)
t͡ɕyœ,t͡ɕ,yœ,11,艮卦-dynamic,震卦-dynamic,離卦-dynamic,艮卦-dynamic + 離卦-dynamic,艮卦-dynamic,艮卦-dynamic + 震卦-static,toe heel ankle bend knee leg foot feel,決定(decide) 感覺(feel) 挖掘(dig) 拒絕(refuse) 腳(foot) 腳後跟(heel) 腳踝(ankle) 腳趾(toe) 爵士樂(jazz) 錯覺(illusion) 腳本(script)
t͡ɕʰyœ,t͡ɕʰ,yœ,4,坤卦-dynamic,中卦-static,中卦-dynamic,坤卦-dynamic + 中卦-static,坤卦-dynamic,中卦-static,sparrow correct magpie precise bird crow hedgehog parrot,精確(precise) 正確(correct) 麻雀(sparrow) 喜鵲(magpie)
ɕyœ,ɕ,yœ,15,艮卦-dynamic,震卦-static,中卦-dynamic,艮卦-dynamic + 中卦-dynamic,艮卦-dynamic + 震卦-static,中卦-dynamic + 震卦-static,science literature study mathematics history biology physics baseball,學習(learn) 雪松(cedar) 血液(blood) 血管(vein) 雪(snow) 雪崩(avalanche) 暴風雪(snowstorm) 靴子(boot) 科學(science) 文學(literature) 數學(mathematics) 化學(chemistry)
yœ,∅,yœ,28,乾卦-dynamic,離卦-dynamic,坤卦-dynamic,離卦-dynamic + 乾卦-dynamic,乾卦-dynamic,震卦-dynamic + 乾卦-dynamic,november december february july october september june january,約束(restrain) 嶽父(father-in-law) 嶽母(mother-in-law) 可樂(coke) 月亮(moon) 月(month) 一月(january) 二月(february) 三月(march) 四月(april) 五月(may) 六月(june)
t͡ɕyɛn,t͡ɕ,yɛn,4,兌卦-dynamic,坎卦-dynamic,離卦-dynamic,兌卦-dynamic + 乾卦-static,坎卦-dynamic + 兌卦-dynamic,離卦-dynamic + 乾卦-static,cabbage broccoli eggplant cauliflower watermelon donate tornado tomato,捐贈(donate) 卷心菜(cabbage) 杜鵑(azelea) 龍卷風(tornado)
t͡ɕʰyɛn,t͡ɕʰ,yɛn,6,坎卦-static,坤卦-dynamic,坤卦-static,坤卦-dynamic + 坎卦-static,坤卦-static + 坎卦-static,坎卦-static + 乾卦-dynamic,sane safe circle place day perfect peace easy,安全(safe) 健全(sane) 全部(all) 油炸圈餅(doughnut) 泉(spring) 圓圈(circle)
ɕyɛn,ɕ,yɛn,8,艮卦-dynamic,震卦-dynamic,兌卦-dynamic,艮卦-dynamic + 震卦-dynamic,艮卦-dynamic,震卦-dynamic,merry_go_round wait go jump decide repeat begin stop,選擇(choose) 宣布(announce) 暈眩(dizzy) 漩渦(whirlpool) 懸崖(cliff) 旋轉木馬(merry-go-round) 旋律(melody) 選舉(election)
yɛn,∅,yɛn,30,坎卦-static,坤卦-dynamic,艮卦-static,坤卦-dynamic + 坎卦-static,坎卦-static,艮卦-static + 坎卦-static,telescope architect center town village student church teacher,原諒(forgive) 圓(round) 遠(far) 自願(voluntary) 動物園(zoo) 鳶尾(iris) 元素(element) 平原(plain) 花園(garden) 院子(yard) 原因(cause) 圓形劇場(amphitheater)
fɑ,f,ɑ,8,艮卦-dynamic,震卦-dynamic,艮卦-static,艮卦-static + 艮卦-dynamic,艮卦-dynamic,艮卦-dynamic + 震卦-dynamic,court law judge rule plan doctor suit mind,發展(develop) 頭發(hair) 發燒(fever) 魔法(magic) 法律(law) 看法(view) 法庭(court) 法官(judge)
kɑ,k,ɑ,1,兌卦-static,巽卦-dynamic,巽卦-static,兌卦-static,巽卦-dynamic + 兌卦-static,兌卦-static + 兌卦-dynamic,ashamed disgusted pity forgive regret guilty hate blame,尷尬(ashamed)
kʰɑ,kʰ,ɑ,4,震卦-static,坤卦-static,坤卦-dynamic,震卦-static,坤卦-static + 震卦-static,坤卦-dynamic + 震卦-static,coffee ticket wine snack curry food bread card,咖啡(coffee) 咖喱(curry) 卡車(truck) 卡片(card)
lɑ,l,ɑ,9,兌卦-dynamic,坎卦-dynamic,巽卦-dynamic,兌卦-dynamic,坎卦-dynamic + 兌卦-dynamic,坤卦-static + 兌卦-dynamic,chili mozzarella parmesan pickle onion soup pepper cheese,拉(pull) 辣(spicy) 馬蘇裏拉奶酪(mozzarella) 辣椒(chili) 蠟(wax) 垃圾(garbage) 垃圾箱(dustbin) 蠟燭(candle) 喇叭(trumpet)
mɑ,m,ɑ,13,艮卦-dynamic,震卦-dynamic,兌卦-dynamic,艮卦-dynamic,艮卦-dynamic + 震卦-dynamic,震卦-dynamic,ostrich rabbit goat zebra giraffe frog tortoise donkey,罵(scold) 後媽(stepmother) 姨媽(aunt) 馬(horse) 斑馬(zebra) 麻雀(sparrow) 海馬(seahorse) 螞蟻(ant) 馬蘇裏拉奶酪(mozzarella) 帕爾瑪幹酪(parmesan) 亞麻布(linen) 旋轉木馬(merry-go-round)
nɑ,n,ɑ,7,離卦-dynamic,坎卦-dynamic,坎卦-static,坤卦-static + 離卦-dynamic,離卦-dynamic + 乾卦-static,中卦-dynamic + 離卦-dynamic,where that there which even what only one,拿取(take) 容納(contain) 那個(that) 那裏(there) 哪裏(where) 哪一個(which) 出納員(cashier)
pɑ,p,ɑ,8,艮卦-static,坤卦-dynamic,坎卦-static,坤卦-dynamic + 艮卦-static,艮卦-static,艮卦-static + 兌卦-static,chin nose head neck jaw tail throat leg,結巴(stutter) 八(eight) 尾巴(tail) 下巴(chin) 傷疤(scar) 八月(august) 喇叭(trumpet) 酒吧(pub)
pʰɑ,pʰ,ɑ,5,巽卦-dynamic,艮卦-dynamic,兌卦-dynamic,艮卦-dynamic + 巽卦-dynamic,巽卦-dynamic,巽卦-dynamic + 兌卦-dynamic,bite eat reptile chew crawl guts squirrel crow,怕(fear) 爬行(crawl) 爬蟲(reptile) 帕爾瑪幹酪(parmesan) 耙(rake)
sɑ,s,ɑ,2,兌卦-static,離卦-static,震卦-dynamic,震卦-dynamic + 兌卦-static,震卦-dynamic + 離卦-static,離卦-static + 兌卦-static,cello saxophone lie violin piano flute guitar deceive,撒謊(lie) 薩克斯管(saxophone)
tɑ,t,ɑ,25,兌卦-dynamic,艮卦-dynamic,艮卦-static,艮卦-static + 艮卦-dynamic,艮卦-static + 兌卦-dynamic,震卦-static + 兌卦-dynamic,sneeze scream jump blow hit explode swallow crow,答(answer) 打(hit) 打噴嚏(sneeze) 打哈欠(yawn) 打開(open) 打破(break) 打架(fight) 打獵(hunt) 打掃(sweep) 打鳴(crow) 打印(print) 大(big)
tʰɑ,tʰ,ɑ,11,震卦-dynamic,艮卦-static,坤卦-dynamic,坤卦-dynamic + 震卦-dynamic,坤卦-dynamic + 艮卦-static,坤卦-static + 震卦-dynamic,he that if but when she it even,到達(arrive) 他(he) 她(she) 它(it) 他們(they) 其他(other) 獺(otter) 吉他(guitar) 塔(tower) 燈塔(lighthouse) 金字塔(pyramid)
t͡sɑ,t͡s,ɑ,1,艮卦-static,震卦-static,離卦-dynamic,艮卦-static,艮卦-static + 震卦-static,艮卦-static + 離卦-dynamic,magazine newspaper television literature book construction_site industry recently,雜誌(magazine)
t͡sʰɑ,t͡sʰ,ɑ,3,巽卦-dynamic,坎卦-dynamic,離卦-dynamic,坎卦-dynamic + 巽卦-dynamic,巽卦-dynamic,巽卦-dynamic + 離卦-dynamic,rub wipe friction brush sweat wash loosen itch,摩擦(rub) 擦拭(wipe) 摩擦力(friction)
xɑ,x,ɑ,2,兌卦-dynamic,艮卦-dynamic,巽卦-dynamic,兌卦-static + 兌卦-dynamic,艮卦-dynamic + 兌卦-static,坤卦-dynamic + 巽卦-dynamic,yawn clam swallow walrus whale squid penguin octopus,打哈欠(yawn) 蛤(clam)
ʂɑ,ʂ,ɑ,11,艮卦-dynamic,震卦-dynamic,艮卦-static,艮卦-dynamic,艮卦-dynamic + 巽卦-static,艮卦-static + 艮卦-dynamic,yarn warp desert weave escape silk sand kite,殺(kill) 鯊魚(shark) 冰沙(smoothie) 沙子(sand) 沙漠(desert) 紗(yarn) 經紗(warp) 緯紗(weft) 沙坑(sandpit) 面紗(veil) 謀殺(murder)
ʈ͡ʂɑ,ʈ͡ʂ,ɑ,6,艮卦-dynamic,震卦-dynamic,艮卦-static,艮卦-static + 艮卦-dynamic,艮卦-dynamic,艮卦-dynamic + 震卦-dynamic,bomb explode skyscraper sneeze tornado grenade blink slingshot,眨眼(blink) 爆炸(explode) 蚱蜢(grasshopper) 油炸圈餅(doughnut) 炸彈(bomb) 柵欄(fence)
ʈ͡ʂʰɑ,ʈ͡ʂʰ,ɑ,8,坎卦-dynamic,離卦-dynamic,坎卦-static,坎卦-static + 離卦-dynamic,坎卦-static + 坎卦-dynamic,坎卦-dynamic + 離卦-dynamic,pin note lawyer policeman button letter branch ring,插入(insert) 檢查(check) 茶花(camellia) 茶(tea) 叉子(fork) 檢察官(prosecutor) 警察(policeman) 差距(gap)
ɑ,∅,ɑ,1,巽卦-static,坎卦-static,中卦-dynamic,巽卦-static,坎卦-static + 巽卦-static,巽卦-static + 中卦-dynamic,aunt husband sister mother uncle niece wife daughter,阿姨(aunt)
fɑŋ,f,ɑŋ,16,震卦-static,坎卦-static,艮卦-dynamic,艮卦-dynamic + 震卦-static,艮卦-dynamic + 坎卦-static,坤卦-dynamic + 震卦-static,dining_room room living_room sit meal relax place house,放(put) 釋放(release) 放松(relax) 拜訪(visit) 放縱(indulgent) 脂肪(fat) 紡錘(spindle) 房間(room) 書房(study) 廚房(kitchen) 健身房(gym) 消防隊員(firefighter)
kɑŋ,k,ɑŋ,6,坤卦-static,震卦-static,坤卦-dynamic,坤卦-static + 震卦-static,坤卦-dynamic + 震卦-static,坤卦-static + 艮卦-static,just still but even fine like one same,钢(steel) 杠(bar) 鋼琴(piano) 港口(port) 剛剛(just) 剛剛(just)
kʰɑŋ,kʰ,ɑŋ,2,乾卦-dynamic,坎卦-static,中卦-static,坎卦-static + 乾卦-dynamic,中卦-static + 乾卦-dynamic,坎卦-static + 中卦-static,carnation healthy sunflower peach pomegranate chrysanthemum watermelon hibiscus,健康(healthy) 康乃馨(carnation)
lɑŋ,l,ɑŋ,4,艮卦-dynamic,坎卦-static,坤卦-dynamic,艮卦-dynamic + 中卦-static,艮卦-dynamic + 坎卦-static,坤卦-static + 艮卦-dynamic,wolf waste howl shadow forest raven fox owl,浪費(waste) 狼(wolf) 海浪(wave) 回廊(cloister)
mɑŋ,m,ɑŋ,3,坤卦-dynamic,巽卦-static,乾卦-static,坤卦-dynamic + 巽卦-static,坤卦-dynamic + 乾卦-static,坤卦-dynamic,blind busy apple lazy slow poor mango egg_white,忙(busy) 盲(blind) 芒果(mango)
nɑŋ,n,ɑŋ,1,兌卦-static,兌卦-dynamic,巽卦-dynamic,兌卦-static + 兌卦-dynamic,巽卦-dynamic + 兌卦-static,離卦-dynamic + 兌卦-static,gall_bladder bladder kidney spleen stomach vomit pus lung,膽囊(gall bladder)
pɑŋ,p,ɑŋ,7,艮卦-dynamic,震卦-static,坎卦-static,艮卦-dynamic + 震卦-static,艮卦-dynamic + 坎卦-static,震卦-static + 離卦-dynamic,neck shoulder leg elbow arm ankle knee tie,幫助(help) 綁(tie) 翅膀(wing) 肩膀(shoulder) 膀胱(bladder) 傍晚(evening) 棒球(baseball)
pʰɑŋ,pʰ,ɑŋ,4,震卦-static,艮卦-static,坎卦-static,震卦-static,震卦-static + 乾卦-static,坎卦-static + 震卦-static,table_tennis table beside noodle crab duck bean pigeon,胖(fat) 螃蟹(crab) 乒乓球(table tennis) 旁邊(beside)
sɑŋ,s,ɑŋ,1,巽卦-static,震卦-static,坎卦-dynamic,巽卦-static + 震卦-static,坎卦-dynamic + 巽卦-static,巽卦-static + 離卦-dynamic,mulberry_tree tree palm_tree vine sycamore willow twig leaf,桑樹(mulberry tree)
tɑŋ,t,ɑŋ,3,離卦-dynamic,坎卦-static,坤卦-dynamic,坤卦-dynamic + 離卦-dynamic,中卦-dynamic + 離卦-dynamic,坤卦-static + 離卦-dynamic,when sure where there how_many always know just,當地(local) 當(when) 當然(sure)
tʰɑŋ,tʰ,ɑŋ,6,艮卦-dynamic,震卦-dynamic,震卦-static,艮卦-dynamic,艮卦-dynamic + 震卦-dynamic,艮卦-dynamic + 震卦-static,candy cereal bread chocolate sugar coffee apple_pie cheese,躺(lie) 搖蕩(swing) 湯(soup) 糖果(candy) 糖(sugar) 天堂(heaven)
t͡sɑŋ,t͡s,ɑŋ,4,坤卦-static,乾卦-static,坎卦-static,巽卦-dynamic + 乾卦-static,坎卦-static + 乾卦-static,兌卦-static + 乾卦-static,guts liver marrow kidney spleen heart brain stomach,骯臟(dirty) 內臟(guts) 心臟(heart) 肝臟(liver)
t͡sʰɑŋ,t͡sʰ,ɑŋ,3,艮卦-static,兌卦-dynamic,坎卦-dynamic,艮卦-static + 艮卦-dynamic,艮卦-static + 兌卦-dynamic,艮卦-static + 離卦-dynamic,hide treasure steal fly escape flee protect deceive,隱藏(hide) 蒼蠅(fly) 寶藏(treasure)
ʂɑŋ,ʂ,ɑŋ,11,震卦-static,艮卦-static,震卦-dynamic,艮卦-static + 震卦-static,震卦-static + 震卦-dynamic,震卦-static + 離卦-dynamic,out from down left look_for when back see,商人(merchant) 加上(add) 上升(rise) 傷害(hurt) 悲傷(sad) 上一個(previous) 傷口(wound) 傷疤(scar) 在上面(on) 向上(up) 在上面(above)
ʈ͡ʂɑŋ,ʈ͡ʂ,ɑŋ,17,艮卦-dynamic,離卦-dynamic,兌卦-dynamic,艮卦-dynamic + 離卦-dynamic,震卦-dynamic + 離卦-dynamic,艮卦-dynamic + 兌卦-dynamic,grow frog palm_tree head giraffe long belly move,帳單(bill) 膨脹(swell) 生長(grow) 長得像(like) 擴張(expand) 掌舵(steer) 長(long) 緊張(nervous) 丈夫(husband) 長頸鹿(giraffe) 章魚(octopus) 仙人掌(cactus)
ʈ͡ʂʰɑŋ,ʈ͡ʂʰ,ɑŋ,14,坎卦-static,乾卦-static,坤卦-static,中卦-static + 離卦-dynamic,離卦-dynamic + 乾卦-static,坤卦-static + 離卦-dynamic,often rarely usually where which rather_than live only,嘗(taste) 嘗試(try) 唱歌(sing) 正常(ordinary) 常見(common) 不在場(absent) 在場(present) 腸(intestine) 圓形劇場(amphitheater) 工廠(factory) 市場(market) 農場(farm)
ɑŋ,∅,ɑŋ,2,坤卦-static,中卦-static,乾卦-static,坤卦-static + 中卦-static,中卦-static + 乾卦-static,坤卦-static + 乾卦-static,cheap expensive dirty boring cleaner fine stinky clean,骯臟(dirty) 昂貴(expensive)
ɑɻ,∅,ɑɻ,11,坤卦-dynamic,離卦-static,乾卦-dynamic,坤卦-dynamic + 離卦-static,坤卦-dynamic,坤卦-dynamic + 乾卦-static,twelve twenty ten_thousand ten eleven fifteen hundred five,二(two) 十二(twelve) 二十(twenty) 帕爾瑪幹酪(parmesan) 耳朵(ear) 周二(tuesday) 二月(february) 十二月(december) 耳環(earring) 耳機(earphone) 而不是(rather than)
kɑʊ,k,ɑʊ,7,艮卦-static,震卦-dynamic,震卦-static,艮卦-static + 震卦-dynamic,艮卦-static,艮卦-static + 震卦-static,cake tall pancake height cheesecake pudding almond apple_pie,警告(warn) 高大(tall) 高(high) 羔羊(lamb) 蛋糕(cake) 起司蛋糕(cheesecake) 高度(height)
kʰɑʊ,kʰ,ɑʊ,5,震卦-dynamic,坎卦-dynamic,艮卦-static,震卦-dynamic + 兌卦-static,坎卦-dynamic + 震卦-dynamic,艮卦-static + 震卦-dynamic,bake roast oven cook pan dish fry cheesecake,考慮(consider) 炙烤(roast) 烘烤(bake) 鐐銬(shackle) 烤箱(oven)
lɑʊ,l,ɑʊ,10,乾卦-dynamic,中卦-static,坤卦-dynamic,中卦-static + 乾卦-dynamic,坤卦-dynamic + 乾卦-dynamic,坤卦-dynamic + 中卦-static,parmesan tofu cheese cashew butter feta mozzarella rice,老(old) 疲勞(tired) 勤勞(diligent) 老鼠(mouse) 老虎(tiger) 奶酪(cheese) 羊乳酪(feta) 馬蘇裏拉奶酪(mozzarella) 帕爾瑪幹酪(parmesan) 老師(teacher)
mɑʊ,m,ɑʊ,16,艮卦-static,離卦-dynamic,艮卦-dynamic,艮卦-static,艮卦-static + 離卦-dynamic,艮卦-static + 艮卦-dynamic,feather hat fur owl hedgehog giraffe penguin parrot,貓(cat) 熊貓(panda) 貓頭鷹(owl) 毛蟲(caterpillar) 毛茛(buttercup) 山毛櫸(beech) 羽毛(feather) 毛皮(fur) 眉毛(eyebrow) 睫毛(eyelash) 羊毛(wool) 矛(spear)
nɑʊ,n,ɑʊ,4,坤卦-dynamic,坤卦-static,坎卦-static,坤卦-dynamic,坤卦-static + 坤卦-dynamic,坤卦-dynamic + 坎卦-static,computer laptop brain keyboard scanner machine printer radio,吵鬧(noisy) 腦子(brain) 電腦(computer) 筆記本電腦(laptop)
pɑʊ,p,ɑʊ,24,艮卦-static,離卦-static,坎卦-dynamic,艮卦-static + 離卦-static,艮卦-static + 艮卦-dynamic,艮卦-static + 坎卦-dynamic,treasure mountain leopard desert shield secret jewel fort,保留(keep) 爆炸(explode) 擁抱(embrace) 保護(protect) 包括(include) 包裹(wrap) 薄(thin) 雙胞胎(twins) 豹(leopard) 獵豹(cheetah) 海豹(seal) 面包(bread)
pʰɑʊ,pʰ,ɑʊ,6,艮卦-dynamic,巽卦-dynamic,震卦-dynamic,艮卦-dynamic + 巽卦-dynamic,艮卦-dynamic + 震卦-static,巽卦-dynamic + 震卦-dynamic,foam soak bubble ice_cream noodle sponge race bowl,跑(run) 浸泡(soak) 泡菜(pickle) 氣泡(bubble) 泡沫(foam) 賽跑(race)
sɑʊ,s,ɑʊ,4,坎卦-dynamic,離卦-dynamic,艮卦-dynamic,坤卦-dynamic + 離卦-dynamic,艮卦-dynamic + 坎卦-dynamic,艮卦-dynamic + 離卦-dynamic,scan scanner check blink optician printer copy sweep,打掃(sweep) 掃描(scan) 嫂子(sister-in-law) 掃描器(scanner)
tɑʊ,t,ɑʊ,19,震卦-dynamic,艮卦-dynamic,兌卦-dynamic,坎卦-dynamic + 震卦-dynamic,坎卦-static + 震卦-dynamic,艮卦-dynamic + 震卦-dynamic,take tell find where walk ask then according_to,找到(find) 祈禱(pray) 倒(pour) 到達(arrive) 領導(lead) 指導(guide) 提到(mention) 稻草(straw) 刀(knife) 島嶼(island) 鐮刀(sickle) 隧道(tunnel)
tʰɑʊ,tʰ,ɑʊ,13,離卦-dynamic,艮卦-static,坎卦-dynamic,艮卦-static + 離卦-dynamic,艮卦-static + 坎卦-dynamic,離卦-dynamic,peach walnut hazelnut cinnamon cherry pear almond nutmeg,逃走(flee) 逃離(escape) 討論(discuss) 桃子(peach) 櫻桃(cherry) 獼猴桃(kiwi) 楊桃(starfruit) 核桃(walnut) 葡萄酒(wine) 陶瓷(ceramic) 手套(glove) 套裝(suit)
t͡sɑʊ,t͡s,ɑʊ,6,震卦-dynamic,離卦-dynamic,艮卦-dynamic,坤卦-static + 震卦-dynamic,坤卦-static + 離卦-dynamic,震卦-dynamic + 離卦-dynamic,prepare begin next morning ready day summer during,創造(create) 建造(build) 早(early) 早餐(breakfast) 早晨(morning) 肥皂(soap)
t͡sʰɑʊ,t͡sʰ,ɑʊ,9,巽卦-static,中卦-static,中卦-dynamic,巽卦-static,巽卦-static + 中卦-static,巽卦-static + 中卦-dynamic,berry lavender chamomile camellia peach strawberry marigold peony,粗糙(rough) 草莓(strawberry) 飛燕草(delphinium) 薰衣草(lavender) 金魚草(snapdragon) 草(grass) 稻草(straw) 香草(herb) 香草(vanilla)
xɑʊ,x,ɑʊ,11,坤卦-dynamic,兌卦-dynamic,坤卦-static,坤卦-dynamic + 兌卦-dynamic,坤卦-dynamic + 離卦-dynamic,坤卦-dynamic,sure like really yes say just thing okay,好像(seem) 嗥叫(howl) 好奇(curious) 好笑(funny) 好(good) 準備好(ready) 號角(horn) 大號(tuba) 符號(sign) 你好(hello) 好的(okay)
ʂɑʊ,ʂ,ɑʊ,11,兌卦-dynamic,坤卦-static,坎卦-dynamic,中卦-dynamic + 兌卦-dynamic,中卦-static + 兌卦-dynamic,坤卦-static + 震卦-dynamic,even less more least only rather_than rarely time,減少(decrease) 燒(burn) 多少(how many) 多少(how much) 很少(few) 更少(less) 最少(least) 勺子(spoon) 發燒(fever) 哨(whistle) 很少(rarely)
ʈ͡ʂɑʊ,ʈ͡ʂ,ɑʊ,6,離卦-dynamic,兌卦-dynamic,艮卦-static,離卦-dynamic + 乾卦-static,坤卦-static + 離卦-dynamic,坤卦-static + 震卦-dynamic,find look_for see take_care_of take you out imagine,尋找(look for) 找到(find) 照顧(take care of) 兆(trillion) 沼澤(swamp) 照片(photograph)
ʈ͡ʂʰɑʊ,ʈ͡ʂʰ,ɑʊ,5,坎卦-dynamic,兌卦-dynamic,離卦-static,坤卦-dynamic + 坎卦-dynamic,離卦-static + 兌卦-dynamic,坎卦-dynamic + 離卦-static,fry quarrel scold noisy nest argue cook kettle,炒(fry) 吵架(quarrel) 爭吵(argue) 吵鬧(noisy) 巢(nest)
ɑʊ,∅,ɑʊ,1,乾卦-static,震卦-static,離卦-dynamic,離卦-dynamic + 乾卦-static,震卦-static + 乾卦-dynamic,兌卦-dynamic + 乾卦-static,proud happy excited hope brave beautiful praise respect,驕傲(proud)
fən,f,ən,11,坎卦-dynamic,離卦-dynamic,離卦-static,中卦-dynamic + 離卦-dynamic,坎卦-dynamic + 中卦-dynamic,離卦-static + 離卦-dynamic,part split mix group week whole together layer,分開(split) 分享(share) 興奮(excited) 憤怒(angry) 粉色(pink) 部分(part) 分支(branch) 粉末(powder) 麵粉(flour) 分鐘(minute) 分析(analysis)
kən,k,ən,5,艮卦-dynamic,震卦-dynamic,離卦-dynamic,坎卦-dynamic + 震卦-dynamic,震卦-dynamic + 離卦-dynamic,艮卦-dynamic + 離卦-dynamic,follow bend root heel toe cross try push,跟隨(follow) 根(root) 毛茛(buttercup) 腳後跟(heel) 根據(according to)
kʰən,kʰ,ən,1,中卦-dynamic,中卦-static,坤卦-static,艮卦-static + 中卦-dynamic,中卦-static + 中卦-dynamic,中卦-dynamic,certain even other only rather_than most there each_other,肯定(certain)
mən,m,ən,4,震卦-dynamic,兌卦-dynamic,離卦-dynamic,坤卦-static + 震卦-dynamic,坤卦-dynamic + 震卦-dynamic,震卦-dynamic + 離卦-static,we they you if know do be_used_to sure,我們(we) 你們(you) 他們(they) 門(door)
pən,p,ən,2,坤卦-static,坤卦-dynamic,兌卦-static,坤卦-static + 坤卦-dynamic,坤卦-static,坤卦-dynamic,laptop script computer keyboard copy edit file scanner,筆記本電腦(laptop) 腳本(script)
pʰən,pʰ,ən,1,兌卦-dynamic,艮卦-dynamic,坎卦-dynamic,兌卦-dynamic,兌卦-dynamic + 乾卦-static,艮卦-dynamic + 兌卦-dynamic,sneeze cough fart yawn snot scream breathe explode,打噴嚏(sneeze)
sən,s,ən,1,巽卦-static,坤卦-dynamic,震卦-static,巽卦-static + 離卦-static,巽卦-static + 震卦-static,坤卦-dynamic + 巽卦-static,forest mountain bush desert mulberry_tree valley moss aspen,森林(forest)
xən,x,ən,5,坤卦-static,中卦-dynamic,坎卦-dynamic,坤卦-static + 中卦-dynamic,中卦-dynamic + 兌卦-dynamic,坎卦-dynamic + 中卦-dynamic,even most few only just rarely but many,恨(hate) 很少(few) 痕跡(trace) 很少(rarely) 很(very)
ɻən,ɻ,ən,25,坎卦-static,坤卦-dynamic,艮卦-static,坤卦-dynamic + 坎卦-static,坎卦-static,艮卦-static + 坎卦-static,person woman man soldier servant child victim stranger,商人(merchant) 否認(deny) 忍耐(endure) 任意(arbitrary) 負責任(responsible) 私人(private) 人類(human) 人(person) 人群(crowd) 人口(population) 男人(man) 女人(woman)
ʂən,ʂ,ən,14,坎卦-static,震卦-static,坤卦-static,坎卦-static + 震卦-dynamic,坤卦-static + 震卦-dynamic,艮卦-dynamic + 坎卦-static,what why that thing even how_much just because,下沈(sink) 伸展(stretch) 深(deep) 什麽(what) 什麽時候(when) 為什麽(why) 腎(kidney) 神經(nerve) 身體(body) 神(god) 神仙(immortal) 神話(myth)
ʈ͡ʂən,ʈ͡ʂ,ən,9,離卦-static,坎卦-static,艮卦-dynamic,艮卦-dynamic + 離卦-static,坎卦-static + 離卦-static,離卦-static,ring triangle pillow necklace bracelet earthquake pin needle,真實(True) 榛子(hazelnut) 地震(earthquake) 枕頭(pillow) 針(needle) 別針(pin) 鎮(town) 振幅(amplitude) 真的(really)
ʈ͡ʂʰən,ʈ͡ʂʰ,ən,4,坤卦-static,坤卦-dynamic,中卦-static,坤卦-static + 坤卦-dynamic,坤卦-static + 中卦-static,坤卦-static + 艮卦-static,dust vacuum_cleaner coat wash cloth sweat cleaner air_conditioner,灰塵(dust) 早晨(morning) 吸塵器(vacuum cleaner) 襯衫(shirt)
fəŋ,f,əŋ,20,艮卦-dynamic,艮卦-static,坎卦-dynamic,艮卦-static + 艮卦-dynamic,艮卦-static + 坎卦-dynamic,艮卦-dynamic + 坎卦-dynamic,wind tornado storm trumpet hurricane bee cicada lightning,縫(sew) 瘋狂(crazy) 蜂鳥(hummingbird) 蜜蜂(bee) 風信子(hyacinth) 楓樹(maple) 蜂蜜(honey) 風暴(storm) 風(wind) 頂峰(peak) 颶風(hurricane) 龍卷風(tornado)
kəŋ,k,əŋ,2,坤卦-static,乾卦-static,中卦-static,坤卦-static + 乾卦-static,中卦-static + 乾卦-static,坤卦-static + 中卦-dynamic,less more rather_than most only enough least small,更多(more) 更少(less)
kʰəŋ,kʰ,əŋ,1,巽卦-static,震卦-static,離卦-static,巽卦-static + 離卦-static,巽卦-static + 震卦-static,巽卦-static + 震卦-dynamic,sandpit trampoline garden hut sand cricket seesaw dustpan,沙坑(sandpit)
ləŋ,l,əŋ,2,坤卦-dynamic,艮卦-static,巽卦-static,坤卦-dynamic + 艮卦-static,坤卦-dynamic,坤卦-dynamic + 震卦-static,cold fir ash birch oak wood winter cedar,冷(cold) 冷杉(fir)
məŋ,m,əŋ,2,艮卦-dynamic,震卦-dynamic,乾卦-static,艮卦-dynamic,艮卦-dynamic + 震卦-dynamic,艮卦-dynamic + 乾卦-static,grasshopper dream caterpillar hummingbird sparrow moon fairy frog,夢(dream) 蚱蜢(grasshopper)
nəŋ,n,əŋ,4,艮卦-dynamic,離卦-dynamic,震卦-dynamic,艮卦-dynamic + 中卦-dynamic,中卦-dynamic + 震卦-dynamic,中卦-dynamic + 兌卦-dynamic,probability probable calculate predict chance magnitude enough able,有能力(able) 可能(probable) 可能性(probability) 能量(energy)
pəŋ,p,əŋ,3,艮卦-dynamic,震卦-static,震卦-dynamic,艮卦-dynamic + 震卦-static,艮卦-dynamic + 巽卦-static,艮卦-dynamic,landslide avalanche trampoline earthquake snowstorm tornado snow sandpit,山崩(landslide) 雪崩(avalanche) 蹦床(trampoline)
pʰəŋ,pʰ,əŋ,4,乾卦-dynamic,坎卦-dynamic,兌卦-dynamic,坎卦-dynamic + 乾卦-dynamic,兌卦-dynamic + 乾卦-dynamic,離卦-dynamic + 乾卦-dynamic,collision punk friend wave hail storm swell cousin,膨脹(swell) 朋克(punk) 朋友(friend) 碰撞(collision)
təŋ,t,əŋ,6,艮卦-static,震卦-dynamic,艮卦-dynamic,艮卦-static + 震卦-dynamic,艮卦-static + 艮卦-dynamic,坤卦-dynamic + 震卦-dynamic,level climb magnitude time height limit ladder tower,等待(wait) 攀登(climb) 平等(equal) 燈(lamp) 等級(level) 燈塔(lighthouse)
tʰəŋ,tʰ,əŋ,2,乾卦-static,巽卦-static,震卦-static,艮卦-dynamic + 乾卦-static,震卦-static + 乾卦-static,巽卦-static + 乾卦-static,vine pain palm_tree root ginkgo tree mulberry_tree herb,藤蔓(vine) 疼痛(pain)
t͡səŋ,t͡s,əŋ,2,離卦-dynamic,兌卦-dynamic,坎卦-dynamic,離卦-dynamic,離卦-dynamic + 兌卦-dynamic,震卦-static + 離卦-dynamic,donate increase decrease pay buy sell earn receive,增加(increase) 捐贈(donate)
t͡sʰəŋ,t͡sʰ,əŋ,1,坎卦-static,離卦-static,艮卦-static,中卦-static + 離卦-static,艮卦-static + 中卦-static,坎卦-static + 中卦-static,layer density crust surface base homogeneous barrier material,層(layer)
xəŋ,x,əŋ,1,艮卦-static,艮卦-dynamic,震卦-static,艮卦-static + 中卦-dynamic,艮卦-static,艮卦-static + 艮卦-dynamic,beam plane ray velocity light sun particle collision,橫梁(beam)
ɻəŋ,ɻ,əŋ,2,坤卦-static,艮卦-dynamic,震卦-static,坤卦-static + 艮卦-dynamic,坤卦-static + 震卦-dynamic,坤卦-static + 兌卦-dynamic,just throw still even maybe because like but,扔(throw) 仍然(still)
ʂəŋ,ʂ,əŋ,19,坤卦-dynamic,坎卦-static,乾卦-static,坤卦-dynamic + 乾卦-static,坤卦-dynamic + 坎卦-static,坤卦-dynamic,woman child boy man baby brain girl student,上升(rise) 生長(grow) 生(raw) 陌生(strange) 外甥(nephew) 微生物(germ) 生姜(ginger) 花生(peanut) 生活(life) 聲音(sound) 大聲(loud) 繩索(rope)
ʈ͡ʂəŋ,ʈ͡ʂ,əŋ,18,中卦-static,中卦-dynamic,坤卦-static,中卦-static + 震卦-static,艮卦-static + 中卦-static,中卦-static,matter thing same exactly example idea sort correct,蒸(steam) 整理(sort) 爭吵(argue) 完整(complete) 正常(ordinary) 正確(correct) 整齐的(tidy) 正式(formal) 戰爭(war) 風箏(kite) 象征(symbol) 證據(evidence)
ʈ͡ʂʰəŋ,ʈ͡ʂʰ,əŋ,16,離卦-dynamic,兌卦-dynamic,震卦-dynamic,坤卦-static + 離卦-dynamic,震卦-dynamic + 離卦-dynamic,離卦-dynamic,succeed dream inherit change future program build become,成為(become) 承諾(promise) 稱讚(praise) 稱重(weigh) 繼承(inherit) 成功(succeed) 橙色(orange) 成人(adult) 秤(scales) 名稱(name) 日程(schedule) 程序(program)
fɤʊ,f,ɤʊ,1,震卦-dynamic,兌卦-dynamic,艮卦-static,震卦-dynamic + 兌卦-dynamic,艮卦-static + 兌卦-dynamic,艮卦-static + 震卦-dynamic,deny accept refuse ignore dare forbid argue lie,否認(deny)
kɤʊ,k,ɤʊ,5,離卦-dynamic,兌卦-dynamic,艮卦-dynamic,震卦-static + 離卦-dynamic,坤卦-static + 離卦-dynamic,坤卦-dynamic + 離卦-dynamic,buy get need want sell shopping_cart find pull,購買(buy) 足夠(enough) 狗(dog) 鉤(hook) 購物車(shopping cart)
kʰɤʊ,kʰ,ɤʊ,7,坎卦-static,坎卦-dynamic,乾卦-static,坎卦-static,坎卦-static + 乾卦-static,坎卦-static + 坎卦-dynamic,pocket port throat needle earphone population collar button,口渴(thirsty) 人口(population) 肉豆蔻(nutmeg) 傷口(wound) 紐扣(button) 口袋(pocket) 港口(port)
lɤʊ,l,ɤʊ,5,兌卦-static,坤卦-static,巽卦-static,坤卦-static + 兌卦-static,巽卦-static + 兌卦-static,艮卦-static + 兌卦-static,attic roof chimney basement stairs ceiling floor garage,泄漏(leak) 醜陋(ugly) 閣樓(attic) 樓梯(stairs) 摩天大樓(skyscraper)
mɤʊ,m,ɤʊ,1,中卦-dynamic,坎卦-dynamic,兌卦-static,中卦-dynamic,坎卦-dynamic + 中卦-dynamic,中卦-dynamic + 兌卦-static,murder victim prison attack escape divorce kill innocent,謀殺(murder)
tɤʊ,t,ɤʊ,7,震卦-dynamic,巽卦-static,震卦-static,巽卦-static + 震卦-dynamic,中卦-static + 震卦-dynamic,巽卦-static + 兌卦-dynamic,potato almond bean hazelnut mango avocado cashew pistachio,顫抖(tremble) 陡(steep) 土豆(potato) 豌豆(pea) 豆子(bean) 豆腐(tofu) 肉豆蔻(nutmeg)
tʰɤʊ,tʰ,ɤʊ,13,艮卦-static,震卦-static,離卦-dynamic,艮卦-static + 震卦-static,坤卦-dynamic + 艮卦-static,艮卦-static + 離卦-dynamic,hand forehead chest head neck stone finger sword,偷竊(steal) 穿透(penetrate) 透明(transparent) 貓頭鷹(owl) 頭發(hair) 頭(head) 額頭(forehead) 舌頭(tongue) 石頭(stone) 木頭(wood) 斧頭(axe) 水龍頭(tap)
t͡sɤʊ,t͡s,ɤʊ,2,艮卦-dynamic,震卦-dynamic,兌卦-dynamic,艮卦-dynamic + 震卦-dynamic,艮卦-dynamic,艮卦-dynamic + 兌卦-dynamic,walk flee roam escape descend arrive stop train,走(walk) 逃走(flee)
xɤʊ,x,ɤʊ,15,震卦-dynamic,艮卦-dynamic,坎卦-static,坎卦-static + 震卦-dynamic,坤卦-dynamic + 震卦-dynamic,艮卦-dynamic + 震卦-dynamic,before until after finally again last next when,厚(thick) 什麽時候(when) 最後(last) 後媽(stepmother) 猴(monkey) 獼猴桃(kiwi) 腳後跟(heel) 喉嚨(throat) 後悔(regret) 向後(backwards) 在後面(behind) 後面(rear)
ɻɤʊ,ɻ,ɤʊ,4,震卦-static,震卦-dynamic,中卦-static,震卦-static,震卦-static + 震卦-dynamic,中卦-static + 震卦-static,cinnamon nutmeg butter hazelnut almond cashew garlic mango,肉(meat) 肉豆蔻(nutmeg) 肉桂(cinnamon) 肌肉(muscle)
ʂɤʊ,ʂ,ɤʊ,25,離卦-dynamic,兌卦-dynamic,艮卦-static,艮卦-static + 離卦-dynamic,離卦-dynamic,震卦-static + 離卦-dynamic,wrist arm hand palm eyeglasses pocket glove hold,售賣(sell) 收縮(shrink) 享受(enjoy) 接受(accept) 受苦(suffer) 收集(collect) 收獲(reap) 瘦(slim) 受歡迎(popular) 獸醫(vet) 萬壽菊(marigold) 手指(finger)
ʈ͡ʂɤʊ,ʈ͡ʂ,ɤʊ,12,乾卦-dynamic,艮卦-dynamic,坤卦-dynamic,艮卦-dynamic + 乾卦-dynamic,離卦-static + 乾卦-dynamic,坤卦-dynamic + 艮卦-dynamic,tuesday thursday wednesday monday friday saturday sunday december,起皺(wrinkle) 肘(elbow) 周一(monday) 周二(tuesday) 周三(wednesday) 周四(thursday) 周五(friday) 周六(saturday) 周日(sunday) 樞軸(pivot) 宇宙(universe) 周圍(around)
ʈ͡ʂʰɤʊ,ʈ͡ʂʰ,ɤʊ,3,乾卦-static,坤卦-static,巽卦-static,坤卦-static + 乾卦-static,巽卦-static + 乾卦-static,坤卦-dynamic + 乾卦-static,stinky ugly dirty rotten silk linen pink loose,臭(stinky) 醜陋(ugly) 絲綢(silk)
ɤʊ,∅,ɤʊ,3,坤卦-static,兌卦-dynamic,坤卦-dynamic,坤卦-static + 兌卦-dynamic,坤卦-dynamic + 兌卦-dynamic,坤卦-static + 艮卦-dynamic,puppet vomit like fart even not poop matter,嘔吐(vomit) 偶(even) 木偶(puppet)
sɨ,s,ɨ,18,坤卦-dynamic,坎卦-static,乾卦-dynamic,坤卦-dynamic + 坎卦-static,坤卦-dynamic + 離卦-dynamic,坤卦-dynamic,bus bus_driver wedding friday train_driver single train telephone,死(die) 死(dead) 近似(approximate) 私人(private) 四(four) 起司蛋糕(cheesecake) 周四(thursday) 四月(april) 絲綢(silk) 絲線(thread) 金屬絲(wire) 布魯斯(blues)
t͡sɨ,t͡s,ɨ,73,震卦-static,艮卦-static,艮卦-dynamic,艮卦-static + 震卦-static,艮卦-dynamic + 震卦-static,艮卦-static + 艮卦-dynamic,basket carrot bean sunflower mulberry_tree acorn spoon hat,自誇(boast) 資助(fund) 自願(voluntary) 紫色(purple) 孩子(child) 兒子(son) 妻子(wife) 孫子(grandson) 小舅子(brother-in-law) 嫂子(sister-in-law) 繼子(stepson) 獅子(lion)
t͡sʰɨ,t͡sʰ,ɨ,10,坎卦-dynamic,兌卦-dynamic,艮卦-dynamic,坎卦-dynamic,艮卦-dynamic + 坎卦-dynamic,坎卦-dynamic + 兌卦-dynamic,pin butterfly magpie crow stamp woodpecker coin dragonfly,刺(stab) 沖刺(dash) 刺猬(hedgehog) 鸕鶿(cormorant) 刺(spike) 陶瓷(ceramic) 單詞(word) 歌詞(lyrics) 磁鐵(magnet) 再次(again)
kɯʌ,k,ɯʌ,22,震卦-static,坤卦-static,艮卦-static,坤卦-static + 震卦-static,坤卦-static + 艮卦-static,艮卦-static + 中卦-dynamic,one part same first this case next second,切割(cut) 唱歌(sing) 覆蓋(cover) 嚴格(strict) 這個(this) 那個(that) 哪一個(which) 每個(each) 下一個(next) 上一個(previous) 哥哥(big brother) 哥哥(big brother)
kʰɯʌ,kʰ,ɯʌ,14,坤卦-static,兌卦-dynamic,震卦-static,坤卦-static + 兌卦-dynamic,震卦-static + 兌卦-dynamic,坤卦-static + 震卦-static,coffee fart cigarette coke whiskey smoke beer drink,咳(cough) 口渴(thirsty) 可能(probable) 甲壳(carapace) 可樂(coke) 巧克力(chocolate) 客廳(living room) 麥克風(microphone) 朋克(punk) 薩克斯管(saxophone) 科學(science) 可能性(probability)
lɯʌ,l,ɯʌ,3,坤卦-static,乾卦-static,艮卦-static,坤卦-static + 乾卦-static,艮卦-static + 乾卦-static,坤卦-static + 艮卦-static,except for only one each_other some take_care_of mention,羅勒(basil) 為了(for) 除了(except)
mɯʌ,m,ɯʌ,3,震卦-dynamic,艮卦-static,離卦-static,震卦-dynamic,中卦-dynamic + 震卦-dynamic,震卦-dynamic + 離卦-static,what why that how how_much when think know,什麽(what) 什麽時候(when) 為什麽(why)
sɯʌ,s,ɯʌ,16,中卦-static,坤卦-static,中卦-dynamic,中卦-static,坎卦-static + 中卦-static,坤卦-static + 中卦-static,blue red white yellow orange purple black brown,染色(dye) 黑色(black) 白色(white) 紅色(red) 橙色(orange) 黃色(yellow) 綠色(green) 藍色(blue) 紫色(purple) 粉色(pink) 棕色(brown) 灰色(gray)
tɯʌ,t,ɯʌ,7,坤卦-static,坤卦-dynamic,乾卦-static,坤卦-static + 坤卦-dynamic,坤卦-static,坤卦-static + 乾卦-static,really just how_much like but okay thing what,得(get) 長得像(like) 整齐的(tidy) 道德(morality) 的(of) 真的(really) 好的(okay)
tʰɯʌ,tʰ,ɯʌ,2,離卦-dynamic,兌卦-dynamic,艮卦-static,離卦-dynamic,中卦-dynamic + 離卦-dynamic,艮卦-static + 離卦-dynamic,vodka feature beer tequila whiskey bottle wine cocktail,伏特加(vodka) 特征(feature)
t͡sɯʌ,t͡s,ɯʌ,2,艮卦-dynamic,坎卦-static,坤卦-static,坤卦-static + 艮卦-dynamic,艮卦-dynamic + 坎卦-static,艮卦-dynamic + 中卦-static,swamp rule law govern river lake land race,沼澤(swamp) 規則(rule)
t͡sʰɯʌ,t͡sʰ,ɯʌ,3,艮卦-dynamic,震卦-dynamic,離卦-dynamic,艮卦-dynamic + 中卦-static,中卦-static + 震卦-dynamic,艮卦-dynamic + 震卦-dynamic,predict measure guess say assume compare think explain,測量(measure) 預測(predict) 猜測(guess)
xɯʌ,x,ɯʌ,16,震卦-static,坎卦-static,離卦-static,中卦-dynamic + 震卦-static,坎卦-static + 震卦-static,震卦-static,key that idea part how what pillar place,喝(drink) 混合(mix) 如何(how) 鶴(crane) 核心(kernel) 百合(lily) 核桃(walnut) 薄荷(mint) 河(river) 和平(peace) 盒子(box) 合同(contract)
ɻɯʌ,ɻ,ɯʌ,1,坤卦-dynamic,乾卦-dynamic,中卦-dynamic,坤卦-dynamic + 中卦-dynamic,坤卦-dynamic + 乾卦-dynamic,坤卦-dynamic,hot cold warm wet spicy cool dry shower,熱(hot)
ʂɯʌ,ʂ,ɯʌ,9,艮卦-static,離卦-dynamic,坎卦-dynamic,艮卦-static + 離卦-dynamic,艮卦-static,艮卦-static + 兌卦-dynamic,ray radiate sky moon telescope comet person planet,輻射(radiate) 設計(design) 假設(assume) 蛇(snake) 龍舌蘭酒(tequila) 舌頭(tongue) 社會(society) 攝影師(photographer) 射線(ray)
ʈ͡ʂɯʌ,ʈ͡ʂ,ɯʌ,6,兌卦-dynamic,離卦-dynamic,艮卦-static,坎卦-static + 兌卦-dynamic,艮卦-static + 兌卦-dynamic,艮卦-static + 離卦-dynamic,victim reporter woman person cane policeman rope bus_driver,折疊(fold) 海蜇(jellyfish) 甘蔗(cane) 受害者(victim) 記者(reporter) 或者(or)
ʈ͡ʂʰɯʌ,ʈ͡ʂʰ,ɯʌ,1,坤卦-static,坤卦-dynamic,震卦-static,中卦-static + 震卦-static,坤卦-dynamic + 震卦-static,坤卦-static + 中卦-static,clear very bright sure precise transparent vague yet,清澈(clear)
ɯʌ,∅,ɯʌ,9,坤卦-dynamic,兌卦-static,艮卦-static,坤卦-dynamic + 兌卦-static,坤卦-dynamic + 艮卦-static,坤卦-dynamic,crocodile lion frog crow penguin ostrich giraffe rabbit,饑餓(hungry) 鵝(goose) 天鵝(swan) 企鵝(penguin) 鱷魚(crocodile) 蛾(moth) 額頭(forehead) 下顎(jaw) 天鵝絨(velvet)
ʂɻ,ʂ,ɻ,76,震卦-dynamic,離卦-dynamic,艮卦-dynamic,坤卦-static + 震卦-dynamic,坤卦-dynamic + 震卦-dynamic,坤卦-dynamic + 離卦-dynamic,time when next until day even first then,是(be) 擦拭(wipe) 開始(begin) 失去(lose) 嘗試(try) 使用(use) 駕駛(drive) 展示(show) 餵食(feed) 釋放(release) 消失(disappear) 裝飾(decorate)
ʈ͡ʂɻ,ʈ͡ʂ,ɻ,54,離卦-dynamic,艮卦-dynamic,震卦-dynamic,震卦-dynamic + 離卦-dynamic,艮卦-dynamic + 離卦-dynamic,坎卦-dynamic + 震卦-dynamic,take what matter make decide answer thing then,心智(mind) 知(know) 支付(pay) 製作(make) 停止(stop) 炙烤(roast) 通知(inform) 支持(support) 控製(control) 禁止(forbid) 統治(govern) 織(weave)
ʈ͡ʂʰɻ,ʈ͡ʂʰ,ɻ,8,震卦-static,坎卦-static,艮卦-static,艮卦-dynamic + 震卦-static,艮卦-dynamic + 坎卦-static,艮卦-static + 艮卦-dynamic,snack bowl hold eat sit base spoon meal,吃(eat) 持(hold) 支持(support) 小吃(snack) 翅膀(wing) 齒(tooth) 水池(pool) 尺子(ruler)
jʊŋ,j,ʊŋ,7,兌卦-dynamic,坤卦-static,艮卦-dynamic,坤卦-static + 震卦-dynamic,坤卦-static + 兌卦-dynamic,坤卦-dynamic + 兌卦-dynamic,need own become not able embrace forever yet,擁有(own) 使用(use) 擁抱(embrace) 勇敢(brave) 擁擠(crowded) 永不(never) 永遠(forever)
kʊŋ,k,ʊŋ,30,震卦-static,坎卦-static,艮卦-static,坤卦-dynamic + 震卦-static,震卦-static + 離卦-dynamic,坤卦-dynamic + 離卦-dynamic,construction_worker company station job train_driver train hotel plumber,攻擊(attack) 工作(work) 成功(succeed) 提供(provide) 公平(fair) 公共(public) 公共(public) 公婆(parents-in-law) 蜈蚣(centipede) 弓(bow) 彈弓(slingshot) 公共汽車(bus)
kʰʊŋ,kʰ,ʊŋ,10,坤卦-dynamic,坤卦-static,艮卦-static,坤卦-dynamic + 艮卦-static,坤卦-static + 艮卦-static,坤卦-static + 坤卦-dynamic,air air_conditioner space cloud sky idle static smoke,控製(control) 空(empty) 空閑(idle) 瞳孔(pupil) 鼻孔(nostril) 空氣(air) 天空(sky) 空調(air conditioner) 空中小姐(stewardess) 空間(space)
lʊŋ,l,ʊŋ,9,坤卦-dynamic,艮卦-static,兌卦-dynamic,坤卦-dynamic,坤卦-dynamic + 艮卦-static,坤卦-dynamic + 兌卦-dynamic,bird frog conch turtle reptile fish snake pet,聾(deaf) 寵物(pet) 龍蝦(lobster) 火龍果(dragon fruit) 龍舌蘭酒(tequila) 喉嚨(throat) 龍卷風(tornado) 籠(cage) 水龍頭(tap)
nʊŋ,n,ʊŋ,6,乾卦-static,乾卦-dynamic,震卦-static,乾卦-static,乾卦-static + 乾卦-dynamic,震卦-static + 乾卦-static,farm farmer agriculture cow country corn economy construction_worker,咕噥(mumble) 濃(strong) 膿(pus) 農業(agriculture) 農場(farm) 農民(farmer)
sʊŋ,s,ʊŋ,7,坤卦-dynamic,艮卦-dynamic,離卦-dynamic,坤卦-dynamic + 離卦-dynamic,坤卦-dynamic + 巽卦-dynamic,坤卦-dynamic + 兌卦-dynamic,bark pine birch cedar fir oak willow aspen,送(send) 放松(relax) 松(loose) 寬松(lenient) 松鼠(squirrel) 松樹(pine) 雪松(cedar)
tʊŋ,t,ʊŋ,15,艮卦-dynamic,震卦-static,坎卦-static,艮卦-dynamic + 震卦-static,艮卦-dynamic + 坎卦-static,艮卦-static + 艮卦-dynamic,break move jump hole slide zoo frog black_hole,移動(move) 凍結(freeze) 搖動(shake) 滾動(roll) 滑動(slide) 動物(animal) 動物園(zoo) 哺乳動物(mammal) 動脈(artery) 洞(hole) 冬天(winter) 東(east)
tʰʊŋ,tʰ,ʊŋ,16,艮卦-dynamic,離卦-dynamic,震卦-static,坤卦-dynamic + 離卦-dynamic,艮卦-dynamic + 震卦-static,震卦-static + 離卦-dynamic,person when one that point same where case,悲痛(grief) 通過(pass) 通知(inform) 統治(govern) 同(same) 梧桐樹(sycamore) 瞳孔(pupil) 疼痛(pain) 銅(copper) 桶(barrel) 桶(bucket) 合同(contract)
t͡sʊŋ,t͡s,ʊŋ,7,坤卦-dynamic,坎卦-static,震卦-static,坤卦-dynamic + 坎卦-static,坤卦-dynamic + 震卦-static,坤卦-dynamic + 中卦-static,prime_minister president person religion right green palm golden,放縱(indulgent) 棕色(brown) 棕櫚樹(palm tree) 宗教(religion) 總統(president) 總理(prime minister) 總是(always)
t͡sʰʊŋ,t͡sʰ,ʊŋ,8,坎卦-dynamic,艮卦-static,坎卦-static,坎卦-dynamic,艮卦-static + 坎卦-dynamic,坎卦-dynamic + 巽卦-static,tomato onion cabbage corn scallion fig bush pepper,服從(obey) 聰明(clever) 蔥(scallion) 洋蔥(onion) 灌木叢(bush) 煙囪(chimney) 從(from) 自從(since)
xʊŋ,x,ʊŋ,5,艮卦-static,坎卦-static,坎卦-dynamic,艮卦-static + 中卦-dynamic,艮卦-static + 乾卦-dynamic,艮卦-static,rainbow blue red pink orange egg_white yellow iris,烘烤(bake) 紅色(red) 虹膜(iris) 彩虹(rainbow) 洪水(flood)
ɻʊŋ,ɻ,ʊŋ,7,離卦-dynamic,坎卦-dynamic,兌卦-dynamic,巽卦-static + 離卦-dynamic,離卦-dynamic + 乾卦-static,中卦-dynamic + 離卦-dynamic,lavender bamboo jasmine silk almond pomegranate hibiscus velvet,融化(melt) 容納(contain) 容易(easy) 芙蓉(hibiscus) 榕樹(banyan) 天鵝絨(velvet) 金融(finance)
ʈ͡ʂʊŋ,ʈ͡ʂ,ʊŋ,18,坤卦-dynamic,艮卦-dynamic,乾卦-static,坤卦-dynamic,坤卦-dynamic + 艮卦-dynamic,坤卦-dynamic + 乾卦-static,cicada caterpillar insect mosquito firefly bird worm spider,播種(sow) 爬蟲(reptile) 昆蟲(insect) 毛蟲(caterpillar) 瓢蟲(ladybug) 千足蟲(millipede) 螢火蟲(firefly) 蠕蟲(worm) 種子(seed) 分鐘(minute) 中午(midday) 時鐘(clock)
ʈ͡ʂʰʊŋ,ʈ͡ʂʰ,ʊŋ,12,震卦-static,震卦-dynamic,兌卦-dynamic,震卦-static + 兌卦-dynamic,震卦-static + 震卦-dynamic,艮卦-dynamic + 震卦-static,weight gravity weigh point limit need magnitude measure,重復(repeat) 沖刺(dash) 稱重(weigh) 充滿(fill) 尊重(respect) 重(heavy) 重要(important) 沖突(conflict) 起重機(crane) 重量(weight) 重力(gravity) 沖量(impulse)
ɻ∅,ɻ,∅,6,艮卦-dynamic,坤卦-dynamic,乾卦-dynamic,艮卦-dynamic + 乾卦-dynamic,坤卦-dynamic + 艮卦-dynamic,艮卦-dynamic,calendar solstice week month wednesday day sunday tuesday,向日葵(sunflower) 日期(date) 周日(sunday) 日歷(calendar) 日程(schedule) 至日(solstice)
